"pathway","pval","padj","log2err","ES","NES","size","leadingEdge","microbe"
"HALLMARK_ADIPOGENESIS",0.409162717219589,0.656167979002625,0.077274697304471,0.246494197016714,1.03008091592421,33,"RAB34,SLC1A5,MGLL,PEMT,DHRS7B","s__Pseudomonas sp. SDM007"
"HALLMARK_ALLOGRAFT_REJECTION",0.00740917851914038,0.0463073657446273,0.407017918923954,0.356610647555104,1.67658100522601,51,"THY1,IL27RA,IL4R,CD80,SOCS1,NOS2,TNF,INHBA,SIT1,HLA-DMA,NLRP3,ICOSLG,NME1,CD40,CAPG,IL12B,DYRK3,NCR1,MMP9,IRF7,CDKN2A,TGFB1","s__Pseudomonas sp. SDM007"
"HALLMARK_ANDROGEN_RESPONSE",0.316784869976359,0.546180810304068,0.116234148779716,-0.361695752433158,-1.1284509218568,11,"FKBP5,SGK1,INPP4B","s__Pseudomonas sp. SDM007"
"HALLMARK_ANGIOGENESIS",0.00841279912045264,0.0467377728914036,0.380730400722792,0.716470072809218,1.73667855921534,6,"PDGFA,S100A4,STC1,NRP1","s__Pseudomonas sp. SDM007"
"HALLMARK_APICAL_JUNCTION",0.00230332464887456,0.0230332464887456,0.431707695803346,0.391505360715196,1.82465254484014,49,"MAPK13,ITGA3,JAM3,THY1,CERCAM,COL16A1,FSCN1,CLDN5,ADRA1B,ICAM2,MYL9,TGFBI,RAC2,PCDH1,TNFRSF11B,CLDN7,ACTN3,CDH3,CNN2,NRTN,KCNH2,LAMB3,MMP9,CLDN14,CRB3,TSPAN4,SLC30A3,MADCAM1,SDC3,SGCE","s__Pseudomonas sp. SDM007"
"HALLMARK_APICAL_SURFACE",0.604304635761589,0.753142923353224,0.0602484086158019,0.284670652885833,0.898125867874386,13,"EPHB4,THY1,PLAUR,NTNG1,PCSK9,SRPX","s__Pseudomonas sp. SDM007"
"HALLMARK_APOPTOSIS",0.308917197452229,0.546180810304068,0.0931454575337804,0.275138828554683,1.12101485153851,30,"CASP6,IER3,BGN,GADD45B,TNF,ANXA1,TNFRSF12A,TSPO,GADD45A,ISG20,GNA15,BMP2,BCL2L10,BMF,BID","s__Pseudomonas sp. SDM007"
"HALLMARK_BILE_ACID_METABOLISM",0.391935483870968,0.653225806451613,0.0806388495950661,0.289409797105155,1.07568001899348,22,"HSD3B7,PAOX,PEX11G,SLC22A18,GNMT,CH25H","s__Pseudomonas sp. SDM007"
"HALLMARK_CHOLESTEROL_HOMEOSTASIS",0.0526315789473684,0.156922525107604,0.252961123069611,0.423748000066202,1.46468647184692,17,"CD9,FBXO6,PLAUR,TNFRSF12A,SEMA3B,CXCL16,TM7SF2,ANTXR2,TRIB3,CBS,FASN","s__Pseudomonas sp. SDM007"
"HALLMARK_COAGULATION",0.0568720379146919,0.157977883096366,0.237793834423688,0.340602118627602,1.45577388172712,36,"CAPN5,PROS1,CD9,CRIP2,ANXA1,F12,MMP11,SH2B2,CFD,DUSP14,TFPI2,PRSS23,SPARC,MMP9,C1R,CPB2,SERPINE1,C8G,COMP,C1S,APOA1,CTSE","s__Pseudomonas sp. SDM007"
"HALLMARK_COMPLEMENT",0.513428120063191,0.692520775623269,0.0658311958368866,0.229464390531143,0.958914621240689,33,"COL4A2,PRSS36,DUSP5,CD55,PLAUR,TFPI2,CDA,CASP5,IRF7,C1R,HSPA1A,SERPINE1,PCSK9,S100A12","s__Pseudomonas sp. SDM007"
"HALLMARK_DNA_REPAIR",0.265270506108202,0.54437639739477,0.107972360317345,0.442936163777196,1.18880895444267,8,"BRF2,TP53,PDE6G,NME1,CDA","s__Pseudomonas sp. SDM007"
"HALLMARK_E2F_TARGETS",0.293963254593176,0.54437639739477,0.128788713061714,-0.251339755644564,-1.12472007943993,29,"CENPE,MKI67,BRCA2,EZH2,CHEK2,DIAPH3,BUB1B,SPAG5,LBR,DEPDC1,PLK4,ORC6","s__Pseudomonas sp. SDM007"
"HALLMARK_EPITHELIAL_MESENCHYMAL_TRANSITION",8.15616701562256e-06,0.000135936116927043,0.593325476396405,0.436751368689057,2.22971847635599,74,"COL4A2,PMP22,EFEMP2,THY1,ITGA5,PMEPA1,ECM1,BASP1,BGN,LOXL1,GADD45B,COL16A1,GPC1,FSTL3,PCOLCE,MYL9,TGFBI,VEGFC,INHBA,PDLIM4,TAGLN,TNFRSF11B,PLAUR,TNFRSF12A,PTX3,MYLK,CTHRC1,FMOD,IGFBP4,GEM,CAPG,TPM2,TFPI2,NNMT,SPARC,GADD45A,COL6A2,TGFB1,LGALS1,SERPINE1,COL5A1,CRLF1,EMP3,SDC4,SGCG,SLIT2","s__Pseudomonas sp. SDM007"
"HALLMARK_ESTROGEN_RESPONSE_EARLY",0.227617602427921,0.51731273279073,0.108820126769161,0.246990559123169,1.17697906408166,54,"SH3BP5,TSKU,ZNF185,SLC2A1,RAB31,ALDH3B1,TMPRSS3,CLDN7,P2RY2,SEMA3B,SLC37A1,RHOD,PTGES,IGFBP4,SLC9A3R1,KCNK15,PRSS23,SLC24A3,STC2","s__Pseudomonas sp. SDM007"
"HALLMARK_ESTROGEN_RESPONSE_LATE",0.0210239951339003,0.0875999797245847,0.352487857583619,0.359020295723337,1.60607803589885,42,"ZFP36,MAPK13,CD9,NAB2,RNASEH2A,RAB31,ALDH3B1,TMPRSS3,SEMA3B,DUSP2,PTGES,IGFBP4,SLC9A3R1,TFPI2,PRSS23,ISG20,SLC24A3,SLC2A8,PERP,CKB","s__Pseudomonas sp. SDM007"
"HALLMARK_FATTY_ACID_METABOLISM",0.526315789473684,0.692520775623269,0.0665892104103933,0.25966420043646,0.944418263226468,20,"MGLL,AOC3,CEL,IL4I1,G0S2,PCBD1,LTC4S,INMT,LGALS1","s__Pseudomonas sp. SDM007"
"HALLMARK_G2M_CHECKPOINT",4.11773248216592e-06,0.000102943312054148,0.610526878385931,-0.545690750165695,-2.51866077140256,34,"SLC12A2,FBXO5,CENPE,MKI67,DBF4,BRCA2,CDC7,EZH2,PRC1,MEIS2,CENPF,SMC2,CCNF,LBR,BUB1,POLQ,PLK4,KIF23,KIF15,ORC6,PTTG3P","s__Pseudomonas sp. SDM007"
"HALLMARK_GLYCOLYSIS",0.0268894547684707,0.102874205006993,0.352487857583619,0.334795352558887,1.53685791406486,47,"GALK1,CASP6,CAPN5,IER3,SLC37A4,NOL3,GPC1,STC1,SPAG4,PC,TGFBI,EFNA3,DDIT4,PFKFB1,GLRX","s__Pseudomonas sp. SDM007"
"HALLMARK_HEDGEHOG_SIGNALING",0.290155440414508,0.54437639739477,0.101713902282311,0.393210558524801,1.15691779797221,11,"THY1,RTN1,NRP1","s__Pseudomonas sp. SDM007"
"HALLMARK_HEME_METABOLISM",0.691666666666667,0.823412698412698,0.0793434960134973,-0.174452910667367,-0.823655670641788,37,"TAL1,KAT2B,RNF19A,TRIM10,EPB42,SLC30A10,TYR,GCLC,MBOAT2","s__Pseudomonas sp. SDM007"
"HALLMARK_HYPOXIA",4.43094738126067e-05,0.000553868422657584,0.557332238758646,0.437991494094899,2.10603886600134,57,"GALK1,ZFP36,CASP6,IER3,EFNA1,SLC37A4,DUSP1,BGN,SELENBP1,GPC1,S100A4,STC1,SLC2A1,PGF,TGFBI,EFNA3,DDIT4,TMEM45A,GLRX,CDKN1C,TGFB3,PLAUR,ISG20,STC2,AMPD3,PLIN2,LDHC,SERPINE1,HOXB9,ADM,COL5A1,SDC3,INHA,SDC4,GAA,MT1E,B3GALT6,SRPX,HAS1","s__Pseudomonas sp. SDM007"
"HALLMARK_IL2_STAT5_SIGNALING",0.0533536585365854,0.156922525107604,0.241339976815091,0.302768757584898,1.45274958279765,56,"SLC1A5,ECM1,RGS16,IL4R,CDCP1,TNFRSF8,GADD45B,PTGER2,CCNE1,NRP1,SOCS1,BATF3,TNFRSF4,PDCD2L,IL3RA,CDKN1C,TNFRSF18,COL6A1,CAPG,ANXA4,SYNGR2,TNFRSF1B,TNFSF11","s__Pseudomonas sp. SDM007"
"HALLMARK_IL6_JAK_STAT3_SIGNALING",0.0391045844615304,0.130348614871768,0.321775918075361,0.397541039610048,1.5927859584833,28,"ACVRL1,PDGFC,CD9,IL4R,SOCS3,SOCS1,TNF,IL3RA,TNFRSF12A,CRLF2,TNFRSF1B,IL9R,TGFB1,OSMR","s__Pseudomonas sp. SDM007"
"HALLMARK_INFLAMMATORY_RESPONSE",0.0157780548804044,0.0717184312745655,0.352487857583619,0.307434440600371,1.53721338587821,68,"SCARF1,ITGA5,RGS16,IL4R,CD55,PTGIR,PTGER2,LTA,INHBA,PLAUR,C5AR1,FFAR2,P2RY2,OSM,NLRP3,TNFSF9,ICOSLG,NPFFR2,HBEGF,CD40,BDKRB1,IL12B,IRF7,TNFRSF1B,PROK2,GNA15,SERPINE1,CCL17,ADM,OSMR,CD82,TNFAIP6,EMP3","s__Pseudomonas sp. SDM007"
"HALLMARK_INTERFERON_ALPHA_RESPONSE",0.617577197149644,0.753142923353224,0.0770736734944102,-0.289122539435756,-0.870224822905541,10,"SAMD9,SAMD9L","s__Pseudomonas sp. SDM007"
"HALLMARK_INTERFERON_GAMMA_RESPONSE",0.755494505494505,0.858516483516484,0.0741758965588009,-0.173027029574902,-0.798614218126821,34,"AUTS2,SAMD9L,GCH1,ARL4A,XAF1,PLA2G4A,P2RY14,STAT4,KLRK1","s__Pseudomonas sp. SDM007"
"HALLMARK_KRAS_SIGNALING_DN",0.712098009188361,0.828020940916699,0.0489954089862481,0.176671292125322,0.849506469278575,57,"MAGIX,KCND1,PDE6B,SLC12A3,CD80,CAMK1D,COPZ2,HNF1A,KCNE2,NPHS1,DLK2,HTR1B,FGF22,IL12B,SLC30A3,HSD11B2,CCR8,SLC25A23,SNCB,TNNI3,OXT,SLC6A3,TCL1A,SYNPO,LGALS7,SMPX,TCF7L1","s__Pseudomonas sp. SDM007"
"HALLMARK_KRAS_SIGNALING_UP",0.470319634703196,0.671885192433138,0.0683110858318647,0.204725498298396,1.00067407790209,61,"YRDC,RGS16,MALL,NRP1,GLRX,GNG11,INHBA,FLT4,MMP11,KCNN4,PLAUR,MYCN,SEMA3B,NGF,IL33,G0S2,HBEGF,MMP9,RBP4,TNFRSF1B,PSMB8,PLVAP,TMEM176A","s__Pseudomonas sp. SDM007"
"HALLMARK_MITOTIC_SPINDLE",0.0684713375796178,0.180187730472679,0.216542836735348,0.348720692357182,1.42081391137965,30,"CLIP2,ARAP3,SHROOM1,KIF3C,CDC42EP1,CDC42EP2,MID1IP1,FSCN1","s__Pseudomonas sp. SDM007"
"HALLMARK_MTORC1_SIGNALING",0.293548387096774,0.54437639739477,0.096887770327544,0.280866604137726,1.11721978195432,27,"SLC1A5,SLC37A4,CD9,SRD5A1,STC1,SLC2A1,DDIT4,GLRX,NUPR1,TM7SF2,SLC9A3R1","s__Pseudomonas sp. SDM007"
"HALLMARK_MYC_TARGETS_V1",0.959574468085106,0.971576227390181,0.0503964322442957,-0.251074437463922,-0.588115109172075,5,"PABPC1","s__Pseudomonas sp. SDM007"
"HALLMARK_MYC_TARGETS_V2",0.25497287522604,0.54437639739477,0.112843355675562,0.496250323770269,1.20287968751625,6,"MAP3K6,PPAN,DUSP2","s__Pseudomonas sp. SDM007"
"HALLMARK_MYOGENESIS",0.00340005998371061,0.0283338331975884,0.431707695803346,0.369836301876249,1.76237337164235,54,"PDLIM7,COL4A2,BDKRB2,CHRNB1,GADD45B,PC,EFS,CRYAB,TAGLN,MYL4,ACTN3,SOD3,MYLK,CFD,HBEGF,TPM2,HSPB2,KCNH2,SPARC,SYNGR2,STC2,COL6A2,CKB,TGFB1,LDB3,GJA5,GAA,SGCG,PTP4A3,TNNT1,ANKRD2,TEAD4,IGFBP3,TSC2,GPX3","s__Pseudomonas sp. SDM007"
"HALLMARK_NOTCH_SIGNALING",0.850779510022272,0.922562417113533,0.0580983576873206,-0.275657738800664,-0.681445508689646,6,"ST3GAL6,WNT5A,DLL1,WNT2,HES1,ARRB1","s__Pseudomonas sp. SDM007"
"HALLMARK_OXIDATIVE_PHOSPHORYLATION",0.16374269005848,0.389863547758285,0.151148761385484,0.765569500355198,1.24530322143812,2,"TCIRG1,NDUFA7","s__Pseudomonas sp. SDM007"
"HALLMARK_P53_PATHWAY",0.00550676108870204,0.0393340077764432,0.407017918923954,0.40188353476148,1.75237132077319,38,"IER3,PDGFA,BLCAP,RGS16,TM4SF1,PROCR,TRAF4,S100A4,SOCS1,DDIT4,TP53,VDR,CEBPA,NUPR1,TNFSF9,CTSF,HBEGF,GADD45A,PHLDA3,PERP,CDKN2A,TGFB1,CD82,BMP2,TRIB3,ADA","s__Pseudomonas sp. SDM007"
"HALLMARK_PANCREAS_BETA_CELLS",0.971576227390181,0.971576227390181,0.0588438169595807,-0.165281405841843,-0.563647596219599,14,"AKT3,PKLR,GCG,PAX6,SST,PAK3,SLC2A2,PCSK1,PAX4,NEUROG3,NKX2-2,LMO2,HNF1A,VDR","s__Pseudomonas sp. SDM007"
"HALLMARK_PEROXISOME",0.838874680306905,0.922562417113533,0.0653834195468773,-0.196934973749997,-0.713049384167101,16,"ABCC5,PABPC1,ACSL1","s__Pseudomonas sp. SDM007"
"HALLMARK_PI3K_AKT_MTOR_SIGNALING",0.0123745751244398,0.0618728756221988,0.380730400722792,-0.473814394344878,-1.76501552663288,17,"PIK3R3,THEM4,ITPR2,FGF6,MAPK8,MAP2K6,MAPK10,TIAM1","s__Pseudomonas sp. SDM007"
"HALLMARK_PROTEIN_SECRETION",0.497835497835498,0.691438191438191,0.0835990603684159,-0.455579246624023,-0.969962833236576,4,"TOM1L1,CAV2,ATP6V1B1,PAM","s__Pseudomonas sp. SDM007"
"HALLMARK_REACTIVE_OXYGEN_SPECIES_PATHWAY",0.567695961995249,0.727815335891346,0.0815265143256594,-0.299179560388597,-0.900495272572741,10,"IPCEF1,SCAF4,MBP,GCLC","s__Pseudomonas sp. SDM007"
"HALLMARK_SPERMATOGENESIS",0.867208672086721,0.922562417113533,0.0665892104103933,-0.151504015663722,-0.711129464992856,36,"SLC12A2,DBF4,EZH2,SYCP1,ARL4A,GFI1","s__Pseudomonas sp. SDM007"
"HALLMARK_TGF_BETA_SIGNALING",0.46523178807947,0.671885192433138,0.0730744399126987,0.319537021773646,1.00812803177694,13,"ID3,PMEPA1,CDKN1C,RAB31,TGFB1,SERPINE1,BCAR3,BMP2","s__Pseudomonas sp. SDM007"
"HALLMARK_TNFA_SIGNALING_VIA_NFKB",3.92877883511644e-07,1.96438941755822e-05,0.674962860011025,0.496374094843404,2.38676583885883,57,"IER2,ZFP36,IER3,YRDC,EFNA1,DUSP5,PMEPA1,SLC2A6,DUSP1,NR4A1,NFKBIE,SOCS3,GADD45B,CD80,PER1,TNF,ZC3H12A,FJX1,RELB,INHBA,PHLDA2,PLAUR,PTX3,TNFSF9,DUSP2,ICOSLG,G0S2,HBEGF,GEM,IL12B,GADD45A,LAMB3","s__Pseudomonas sp. SDM007"
"HALLMARK_UNFOLDED_PROTEIN_RESPONSE",0.922818791946309,0.961269574944072,0.0413209506074822,0.194455631634495,0.601284029847874,12,"EIF4EBP1,DDIT4,STC2,CHAC1,EXOSC4","s__Pseudomonas sp. SDM007"
"HALLMARK_UV_RESPONSE_DN",0.462035541195477,0.671885192433138,0.0721797965581253,0.250879845701655,1.00517394604598,28,"MGLL,PMP22,RBPMS,DUSP1,SLC22A18,NRP1","s__Pseudomonas sp. SDM007"
"HALLMARK_UV_RESPONSE_UP",0.41994750656168,0.656167979002625,0.104732821580651,-0.228270550080116,-1.0214877091827,29,"CEBPG,BCL2L11,EIF5,GCH1,APOM,NTRK3,RASGRP1","s__Pseudomonas sp. SDM007"
"HALLMARK_WNT_BETA_CATENIN_SIGNALING",0.137870855148342,0.344677137870855,0.156312403073186,0.502327852895065,1.34821199627313,8,"FRAT1,HDAC11,TP53,WNT1,WNT6","s__Pseudomonas sp. SDM007"
"HALLMARK_XENOBIOTIC_METABOLISM",0.028804777401958,0.102874205006993,0.352487857583619,0.346485120942669,1.57784601022999,45,"DDAH2,SLC1A5,CASP6,PROS1,SPINT2,ATOH8,PEMT,SLC12A4,SLC22A1,PC,GNMT,HES6,PTGES,IGFBP4,CDA,RBP4,SERTAD1,GSTT2,SERPINE1,SHMT2","s__Pseudomonas sp. SDM007"
"HALLMARK_ADIPOGENESIS",0.224101479915433,0.406702685772453,0.132846300606183,-0.631702138673349,-1.23034287925519,3,"PIM3","s__Alistipes finegoldii"
"HALLMARK_ALLOGRAFT_REJECTION",0.00410243388879507,0.0251274075688698,0.407017918923954,-0.466889730519838,-1.93266013721456,23,"BRCA1,CD80,LIF,IL6,DYRK3,MMP9,GPR65,IL12A,PRKCG,CD7","s__Alistipes finegoldii"
"HALLMARK_ANDROGEN_RESPONSE",0.906976744186046,0.972222222222222,0.0526973085708419,-0.333531928827898,-0.649607795375611,3,"INSIG1","s__Alistipes finegoldii"
"HALLMARK_ANGIOGENESIS",0.342494714587738,0.541362613380618,0.103958471559957,-0.56509728460033,-1.10061906970047,3,"FSTL1","s__Alistipes finegoldii"
"HALLMARK_APICAL_JUNCTION",0.669926650366748,0.881907894736842,0.0743625384422526,-0.228221759213718,-0.83868741946188,17,"INSIG1,RHOF,MMP9,CDH11,CDH6,MYH9,ITGA2","s__Alistipes finegoldii"
"HALLMARK_APICAL_SURFACE",0.0075676817336689,0.0370816404949776,0.407017918923954,-0.669898876072882,-1.88583811931078,8,"BRCA1,ATP8B1","s__Alistipes finegoldii"
"HALLMARK_APOPTOSIS",0.0105219818890822,0.042964759380419,0.380730400722792,-0.494896232189552,-1.71213105677306,14,"BRCA1,IRF1,PLAT,IL6,CDKN1A","s__Alistipes finegoldii"
"HALLMARK_BILE_ACID_METABOLISM",0.683928571428571,0.881907894736842,0.0579754757571486,0.319981457124935,0.83117203666977,7,"AKR1D1,HSD3B1","s__Alistipes finegoldii"
"HALLMARK_CHOLESTEROL_HOMEOSTASIS",0.317124735729387,0.517970401691332,0.108820126769161,-0.585914148316615,-1.1411633048293,3,"STARD4","s__Alistipes finegoldii"
"HALLMARK_COAGULATION",0.0349461219263555,0.122311426742244,0.321775918075361,-0.410051085277913,-1.56227262875264,19,"GNG12,MAFF,PLAT,CAPN5,MMP3,CTSK,MMP9,MMP10,MMP1,ITGA2","s__Alistipes finegoldii"
"HALLMARK_COMPLEMENT",0.00570125270508605,0.0310401536165796,0.407017918923954,-0.468549495262661,-1.83305778621223,20,"IRF1,MAFF,PLAT,CXCL1,IL6,ERAP2,PLA2G7","s__Alistipes finegoldii"
"HALLMARK_DNA_REPAIR",0.217131474103586,0.406702685772453,0.130777137971974,-0.725239562196761,-1.2317043233602,2,"PDE4B","s__Alistipes finegoldii"
"HALLMARK_E2F_TARGETS",0.0122147527606777,0.0460402219440928,0.380730400722792,-0.747253017619366,-1.74062828528883,5,"BRCA1,TFRC,DIAPH3","s__Alistipes finegoldii"
"HALLMARK_EPITHELIAL_MESENCHYMAL_TRANSITION",0.0675675675675676,0.183933933933934,0.287857117255149,-0.302480167101621,-1.45531089545127,38,"AREG,LOXL2,CXCL1,COL12A1,MMP3,FSTL1,IL6,SGCB,CDH11,CDH6,GAS1,BASP1,MMP1,ITGA2,NTM,DPYSL3,GJA1,ADAM12,SPARC,SPOCK1,TFPI2,LRRC15,COL8A2,THBS2,COL6A3,COL11A1,SGCD,COL5A2","s__Alistipes finegoldii"
"HALLMARK_ESTROGEN_RESPONSE_EARLY",0.222493887530562,0.406702685772453,0.144630528034484,-0.32571533127414,-1.19696452961642,17,"AREG,SLC1A4,TFAP2C,RAB31,MSMB,SH3BP5,NCOR2,ZNF185","s__Alistipes finegoldii"
"HALLMARK_ESTROGEN_RESPONSE_LATE",0.148780487804878,0.331374722838137,0.179782316298324,-0.358599977592122,-1.29464222576327,16,"AREG,SLC1A4,TFAP2C,RAB31,ASS1,ST6GALNAC2","s__Alistipes finegoldii"
"HALLMARK_FATTY_ACID_METABOLISM",0.721723518850987,0.882,0.0557104226766671,0.281853015237629,0.788265469969034,9,"S100A10,CA6,GAD2,MGLL,CD1D","s__Alistipes finegoldii"
"HALLMARK_G2M_CHECKPOINT",0.137420718816068,0.320648343904158,0.173747838999571,-0.688106796116505,-1.34020014329383,3,"SLC7A1,MEIS1,POLQ","s__Alistipes finegoldii"
"HALLMARK_GLYCOLYSIS",0.273838630806846,0.462692858949498,0.128788713061714,-0.311626084142368,-1.14518824693497,17,"CAPN5,HK2,RRAGD,DSC2,GLRX,GAPDHS,MET,LDHC,DDIT4","s__Alistipes finegoldii"
"HALLMARK_HEDGEHOG_SIGNALING",0.920604914933837,0.972222222222222,0.0468819856878333,0.318966062928279,0.611896097465458,3,"CDK6,AMOT","s__Alistipes finegoldii"
"HALLMARK_HEME_METABOLISM",0.0541246684072084,0.165756796997076,0.321775918075361,-0.46935577738879,-1.57005571492416,13,"TFRC,ANK1,RHAG,AGPAT4,TRIM10,SLC7A11,GCLM","s__Alistipes finegoldii"
"HALLMARK_HYPOXIA",0.248717948717949,0.43525641025641,0.139599673451922,-0.273110272553137,-1.15711412694764,25,"MAFF,HK2,RRAGD,IL6,CDKN1A,GLRX,BCAN,GAPDHS,MYH9,LDHC,SLC2A5,DDIT4","s__Alistipes finegoldii"
"HALLMARK_IL2_STAT5_SIGNALING",0.00110666394508238,0.00903775555150609,0.45505986738723,-0.524847255170688,-2.05330569638843,20,"MAFF,MXD1,HK2,ST3GAL4,RRAGD,LIF,CSF2,GPR65,SMPDL3A,SPRY4","s__Alistipes finegoldii"
"HALLMARK_IL6_JAK_STAT3_SIGNALING",0.00165024574441572,0.0115517202109101,0.45505986738723,-0.621439972090311,-2.07879699508736,13,"IRF1,IL15RA,CXCL3,CXCL1,IL6,CSF2,CXCL11","s__Alistipes finegoldii"
"HALLMARK_INFLAMMATORY_RESPONSE",4.32727991607232e-06,0.000106018357943772,0.610526878385931,-0.555039910852186,-2.58361044991161,33,"IRF1,IL15RA,MXD1,BST2,PDE4B,OSM,LIF,IL6,SELE,CDKN1A,CXCL11,PROK2,CCL20,SLC7A1,RGS16,MET,LYN,LAMP3,CLEC5A,MEFV,IL18R1,ABI1,LPAR1","s__Alistipes finegoldii"
"HALLMARK_INTERFERON_ALPHA_RESPONSE",0.000133547464278977,0.00163595643741746,0.518848077743792,-0.634773836670565,-2.24762855402692,15,"IRF1,BST2,IFIH1,TRIM5,NCOA7,PROCR,CXCL11,SAMD9L,TRIM14,IFIT3,LAMP3,EPSTI1","s__Alistipes finegoldii"
"HALLMARK_INTERFERON_GAMMA_RESPONSE",3.58108307028033e-05,0.000584910234812454,0.557332238758646,-0.592166317325572,-2.45123454487216,23,"IRF1,IL15RA,BST2,IFIH1,PDE4B,IL6,ST3GAL5,SECTM1,CDKN1A,CXCL11,SAMD9L,TRIM14,IFIT3,IL18BP,EPSTI1,ITGB7","s__Alistipes finegoldii"
"HALLMARK_KRAS_SIGNALING_DN",0.645,0.877916666666667,0.0574877409561325,0.231387959892186,0.864181172256131,23,"INSL5,TCF7L1,IGFBP2,LGALS7,NGB,EFHD1,CLDN8,VPREB1","s__Alistipes finegoldii"
"HALLMARK_KRAS_SIGNALING_UP",0.526448362720403,0.781696053736356,0.0888945288620449,-0.229274085518463,-0.961870408763561,24,"PLAT,LIF,EPB41L3,MMP9,CSF2,GLRX,CCL20,MMP10,RGS16,ITGA2","s__Alistipes finegoldii"
"HALLMARK_MITOTIC_SPINDLE",0.573059360730594,0.825879666935267,0.0789209638180035,-0.317820944285227,-0.894700488769327,8,"TUBA4A,RHOF,MYH9,MID1,ABI1","s__Alistipes finegoldii"
"HALLMARK_MTORC1_SIGNALING",0.000523533641520601,0.00513062968690189,0.477270815362862,-0.586244337680351,-2.07579367151957,15,"TFRC,STARD4,SLC1A4,HK2,TUBA4A,INSIG1,DAPP1,CDKN1A,GLRX,SLC7A11","s__Alistipes finegoldii"
"HALLMARK_MYC_TARGETS_V2",0.0876494023904383,0.222727272727273,0.213927855492356,-0.826561552456034,-1.40378364715742,2,"HK2,MAP3K6","s__Alistipes finegoldii"
"HALLMARK_MYOGENESIS",0.599496221662469,0.839294710327456,0.0817515582532145,-0.211886023521179,-0.888922512087349,24,"MAPK12,CDKN1A,MYF6,MYH9,CASQ1,GJA5,MYL2,ADAM12,SPARC,TNNT3,ITGB4,MYBPH,COL6A3,SGCD,COL15A1,CSRP3,APLNR,COL6A2,TNNC2,COX6A2,FST,DTNA,PDE4DIP","s__Alistipes finegoldii"
"HALLMARK_NOTCH_SIGNALING",0.774900398406374,0.88302603539331,0.0572461135202884,-0.446040906785301,-0.757529707313331,2,"WNT2","s__Alistipes finegoldii"
"HALLMARK_OXIDATIVE_PHOSPHORYLATION",0.86,0.957727272727273,0.0525898950623616,0.446937537901759,0.73002011308884,2,"TCIRG1,ATP1B1","s__Alistipes finegoldii"
"HALLMARK_P53_PATHWAY",0.714634146341463,0.882,0.0709609456938284,-0.224216482103634,-0.809481716626401,16,"MXD1,LIF,CDKN1A,PROCR,SLC7A11,RGS16,DDIT4,EPHA2","s__Alistipes finegoldii"
"HALLMARK_PANCREAS_BETA_CELLS",0.0476979239111092,0.155813218109623,0.321775918075361,0.722643150486822,1.54124356417371,4,"IAPP,GCK,PKLR","s__Alistipes finegoldii"
"HALLMARK_PEROXISOME",0.756,0.882,0.0585937568945671,0.506043766654845,0.826563213946184,2,"ABCB4,SEMA3C","s__Alistipes finegoldii"
"HALLMARK_PI3K_AKT_MTOR_SIGNALING",0.223981900452489,0.406702685772453,0.138022242496643,-0.461364617005867,-1.22707673477034,7,"PRKAA2,DAPP1,MAPK8,CDKN1A","s__Alistipes finegoldii"
"HALLMARK_PROTEIN_SECRETION",0.752988047808765,0.882,0.0585937568945671,-0.459672528805337,-0.780680854398623,2,"TOM1L1,TSPAN8","s__Alistipes finegoldii"
"HALLMARK_REACTIVE_OXYGEN_SPECIES_PATHWAY",0.0909090909090909,0.222727272727273,0.197822021315103,0.571792499906708,1.41445516777116,6,"FES,GCLC","s__Alistipes finegoldii"
"HALLMARK_SPERMATOGENESIS",0.507588532883642,0.777244940978078,0.0696133438850965,0.282497979663144,0.964814870002732,17,"ADAM2,ZNRF4,TEKT2,PACRG,ADAD1,THEG,AKAP4","s__Alistipes finegoldii"
"HALLMARK_TGF_BETA_SIGNALING",0.952380952380952,0.972222222222222,0.0536769600638126,-0.226640139470003,-0.570674660508529,6,"RAB31,XIAP,NCOR2","s__Alistipes finegoldii"
"HALLMARK_TNFA_SIGNALING_VIA_NFKB",1.32391358622586e-08,6.48717657250673e-07,0.747739663149885,-0.674610326109109,-2.95329172694675,27,"IRF1,AREG,MAFF,IL15RA,ZC3H12A,MXD1,CXCL3,IFIH1,PDE4B,CXCL1,CD80,LIF,IL6,NR4A2,CSF2,CDKN1A,CXCL11,CCL20,BCL2A1","s__Alistipes finegoldii"
"HALLMARK_UNFOLDED_PROTEIN_RESPONSE",0.201195219123506,0.406702685772453,0.136490437780413,-0.737416616130989,-1.2523851173466,2,"SLC1A4,DDIT4","s__Alistipes finegoldii"
"HALLMARK_UV_RESPONSE_DN",0.936731107205624,0.972222222222222,0.0427591434738678,0.191254702905004,0.584347629981728,12,"LTBP1,GCNT1","s__Alistipes finegoldii"
"HALLMARK_UV_RESPONSE_UP",0.0665576126935021,0.183933933933934,0.287805130535564,-0.533146922918799,-1.57202246331821,9,"TFRC,IRF1,TUBA4A,IL6,NPTX2","s__Alistipes finegoldii"
"HALLMARK_WNT_BETA_CATENIN_SIGNALING",0.974630021141649,0.974630021141649,0.0493910105981501,-0.282766990291262,-0.550734803152492,3,"NCOR2,HDAC11,TCF7","s__Alistipes finegoldii"
"HALLMARK_XENOBIOTIC_METABOLISM",0.00873817826351879,0.0389246122647655,0.380730400722792,0.539216542417314,1.74915084664371,15,"MAN1A1,GCLC,GSTA3,NDRG2,TMEM176B,AKR1C2,AKR1C3","s__Alistipes finegoldii"
"HALLMARK_ADIPOGENESIS",0.661190965092402,0.795669291338583,0.0662842187012672,0.353421549959539,0.840924293751723,5,"SCARB1,SLC5A6","s__Bifidobacterium bifidum"
"HALLMARK_ALLOGRAFT_REJECTION",0.0494296577946768,0.229037041858568,0.282013350011725,-0.466943324823072,-1.60015948960294,13,"APBB1,TLR2,CD86,FAS,GCNT1,LYN,ICOSLG,IL1B,LY86","s__Bifidobacterium bifidum"
"HALLMARK_ANDROGEN_RESPONSE",0.479768786127168,0.701581277672359,0.0793434960134973,-0.434580449513848,-0.973326852081362,4,"SGK1","s__Bifidobacterium bifidum"
"HALLMARK_ANGIOGENESIS",0.677165354330709,0.795669291338583,0.0630790410571939,-0.318518518518519,-0.828901088463829,6,"PGLYRP1,OLR1,MSX1,CXCL6,SERPINA5,TNFRSF21","s__Bifidobacterium bifidum"
"HALLMARK_APICAL_JUNCTION",0.452290076335878,0.685730115735041,0.0819778796501272,-0.278227997833327,-1.00840516809232,15,"THBS3,PARD6G,CD86,CLDN11,CADM3,ACTA1,ADAM23","s__Bifidobacterium bifidum"
"HALLMARK_APICAL_SURFACE",0.925101214574899,0.96633428300095,0.0497903187820785,0.231851851851852,0.599163193794512,6,"EPHB4,TMEM8B,ATP6V0A4,RHCG,LYN,SLC22A12","s__Bifidobacterium bifidum"
"HALLMARK_APOPTOSIS",0.594541910331384,0.776207494043751,0.0689567351672811,-0.250311452727771,-0.869520923448394,14,"CDKN1A,FEZ1","s__Bifidobacterium bifidum"
"HALLMARK_BILE_ACID_METABOLISM",0.197849462365591,0.509814049586777,0.143758989039275,0.411707027537741,1.28442570935077,10,"ABCA3,SLC22A18,DHCR24,TFCP2L1","s__Bifidobacterium bifidum"
"HALLMARK_CHOLESTEROL_HOMEOSTASIS",0.0823582958571506,0.276488564663291,0.287805130535564,-0.769834986585888,-1.57049046996331,3,"FADS2,GSTM2","s__Bifidobacterium bifidum"
"HALLMARK_COAGULATION",0.50682261208577,0.701581277672359,0.0770736734944102,-0.272418291346488,-0.946314687859873,14,"CPQ,CFH,CFI,SH2B2,SERPINB2,OLR1,CTSH,MMP3,APOA1","s__Bifidobacterium bifidum"
"HALLMARK_COMPLEMENT",0.284894837476099,0.592885375494071,0.109250039480711,-0.287869994281783,-1.15002811082389,21,"SH2B3,PIM1,CPQ,CFH","s__Bifidobacterium bifidum"
"HALLMARK_DNA_REPAIR",0.823529411764706,0.900136798905609,0.0536769600638126,-0.350258095435872,-0.714538843381296,3,"PDE4B,NME3","s__Bifidobacterium bifidum"
"HALLMARK_E2F_TARGETS",0.343621399176955,0.66187265917603,0.102080107662747,-0.648578649604611,-1.10660525900965,2,"CDKN1A","s__Bifidobacterium bifidum"
"HALLMARK_EPITHELIAL_MESENCHYMAL_TRANSITION",0.0196183738984651,0.175250018823635,0.352487857583619,-0.554484403866189,-1.79433776150629,11,"BASP1,CAP2,FGF2,FAS,IGFBP2,MEST,SCG2,SGCG,MSX1,MMP3","s__Bifidobacterium bifidum"
"HALLMARK_ESTROGEN_RESPONSE_EARLY",0.239700374531835,0.536472266809345,0.119348440591015,-0.292689566822362,-1.19610563736769,22,"SLC7A5,MYBL1,TUBB2B,DLC1","s__Bifidobacterium bifidum"
"HALLMARK_ESTROGEN_RESPONSE_LATE",0.419540229885057,0.685730115735041,0.0862865626267245,-0.305357403143919,-1.01683694825519,12,"SGK1,SLC7A5,PRKAR2B,MEST,TPD52L1","s__Bifidobacterium bifidum"
"HALLMARK_FATTY_ACID_METABOLISM",0.50752688172043,0.701581277672359,0.0822054920415869,0.300694650337462,0.938094114806607,10,"PCBD1,DHCR24,MAOA,BPHL","s__Bifidobacterium bifidum"
"HALLMARK_G2M_CHECKPOINT",0.0677618069815195,0.265400410677618,0.248911114434702,0.645143698391451,1.53504224346341,5,"SLC12A2,CCNF,SLC38A1,KIF4A","s__Bifidobacterium bifidum"
"HALLMARK_GLYCOLYSIS",0.991489361702128,0.991489361702128,0.0488970772260102,0.122837431947891,0.470168873680857,17,"GLCE,B3GNT3,FBP2,GLRX,POLR3K,SOX9,SPAG4","s__Bifidobacterium bifidum"
"HALLMARK_HEDGEHOG_SIGNALING",0.157281553398058,0.462014563106796,0.154190966581424,-0.550102056187968,-1.3423896731762,5,"RTN1,VLDLR,SCG2,CDK5R1","s__Bifidobacterium bifidum"
"HALLMARK_HEME_METABOLISM",0.440613026819923,0.685730115735041,0.0835990603684159,-0.298161607708308,-0.992875024962417,12,"EPOR,SPTA1,CA1,PC,NFE2,TSPAN5,ADIPOR1,TRIM58,GCLC","s__Bifidobacterium bifidum"
"HALLMARK_HYPOXIA",0.102420856610801,0.320918684047176,0.190023305279108,-0.457699957566258,-1.45277732215441,10,"PIM1,CDKN1A,LXN,SLC2A5,GPC3,VLDLR","s__Bifidobacterium bifidum"
"HALLMARK_IL2_STAT5_SIGNALING",0.0471698113207547,0.229037041858568,0.287857117255149,-0.501444096759047,-1.62269681856788,11,"PIM1,MAP3K8,TLR7,CD86,PLAGL1,PTH1R","s__Bifidobacterium bifidum"
"HALLMARK_IL6_JAK_STAT3_SIGNALING",0.0257703245490443,0.175250018823635,0.352487857583619,-0.567124418513055,-1.80009956399549,10,"PIM1,MAP3K8,TLR2,FAS,CD36","s__Bifidobacterium bifidum"
"HALLMARK_INFLAMMATORY_RESPONSE",0.0143036595665316,0.175250018823635,0.380730400722792,-0.462744547708064,-1.84864434837151,21,"CDKN1A,SLC31A2,TLR2,FPR1,APLNR,PDE4B,OSM,GPC3,BEST1,PROK2,LYN,ICOSLG,P2RX7,OLR1,IL1B","s__Bifidobacterium bifidum"
"HALLMARK_INTERFERON_ALPHA_RESPONSE",0.748971193415638,0.838134430727023,0.0603786357920401,-0.481536189069424,-0.821597318309104,2,"CASP1,IRF7","s__Bifidobacterium bifidum"
"HALLMARK_INTERFERON_GAMMA_RESPONSE",0.0261010666333073,0.175250018823635,0.352487857583619,-0.486811482478021,-1.69106433276118,14,"PIM1,CDKN1A,CFH,FPR1,CD86,PDE4B,FAS","s__Bifidobacterium bifidum"
"HALLMARK_KRAS_SIGNALING_DN",0.656192236598891,0.795669291338583,0.0615706755421678,-0.199231824655826,-0.847925955868529,25,"SNN,SGK1,TGM1,IDUA,CYP39A1,IGFBP2","s__Bifidobacterium bifidum"
"HALLMARK_KRAS_SIGNALING_UP",0.0189864939948968,0.175250018823635,0.352487857583619,-0.498043261452742,-1.80510014338442,15,"EPB41L3,MAFB,MMD,ETV5,F13A1,CFH","s__Bifidobacterium bifidum"
"HALLMARK_MITOTIC_SPINDLE",0.216942148760331,0.509814049586777,0.133554954557592,0.573416395738736,1.25720449570303,4,"TUBA4A,KIF4A,ARAP3","s__Bifidobacterium bifidum"
"HALLMARK_MTORC1_SIGNALING",0.380368098159509,0.662122244944331,0.0956031492204301,0.292524049825914,1.05122590259256,14,"CCNF,TUBA4A,POLR3G,DHCR24","s__Bifidobacterium bifidum"
"HALLMARK_MYOGENESIS",0.352059925093633,0.66187265917603,0.0949751525905595,-0.268120330307582,-1.09570095735057,22,"CDKN1A,CRYAB,FGF2,APLNR,CD36,TPD52L1,DMPK,ACTA1,PKIA,SGCG,PC,CTF1,PPFIA4,ACTN2","s__Bifidobacterium bifidum"
"HALLMARK_NOTCH_SIGNALING",0.00291247036708645,0.0684430536265316,0.431707695803346,0.855260893234301,1.87514317337912,4,"LFNG,FZD5,DTX4","s__Bifidobacterium bifidum"
"HALLMARK_P53_PATHWAY",0.0331174128861498,0.19456480070613,0.321775918075361,-0.479457288480734,-1.6655176568658,14,"CDKN1A,RHBDF2,ABCC5,FAS,TPD52L1,UPP1,TCHH,FDXR,VDR,NUPR1,CDK5R1","s__Bifidobacterium bifidum"
"HALLMARK_PANCREAS_BETA_CELLS",0.529865125240848,0.711533168180567,0.0741758965588009,-0.414737824556451,-0.92888546106062,4,"MAFB","s__Bifidobacterium bifidum"
"HALLMARK_PEROXISOME",0.439271255060729,0.685730115735041,0.086794975677172,0.388178643092518,1.0031507348354,6,"STS,DHCR24,ABCB4,FABP6,ALDH1A1","s__Bifidobacterium bifidum"
"HALLMARK_PI3K_AKT_MTOR_SIGNALING",0.0803921568627451,0.276488564663291,0.222056046145248,-0.711975704627059,-1.45245549818547,3,"CDKN1A,MAPK10","s__Bifidobacterium bifidum"
"HALLMARK_PROTEIN_SECRETION",0.290135396518375,0.592885375494071,0.108820126769161,0.682397094736337,1.16269207581316,2,"ICA1","s__Bifidobacterium bifidum"
"HALLMARK_REACTIVE_OXYGEN_SPECIES_PATHWAY",0.970588235294118,0.991489361702128,0.0461379160269737,-0.267956717778031,-0.546641136043114,3,"SCAF4","s__Bifidobacterium bifidum"
"HALLMARK_SPERMATOGENESIS",0.925213675213675,0.96633428300095,0.0522693317499306,0.158454805954117,0.58842296578346,16,"SLC12A2,ZNRF4,YBX2,MAP7,MTNR1A,TCP11,TNNI3","s__Bifidobacterium bifidum"
"HALLMARK_TGF_BETA_SIGNALING",0.371308016877637,0.662122244944331,0.0988903007520636,-0.793357933579336,-1.07545701238793,1,"ID3","s__Bifidobacterium bifidum"
"HALLMARK_TNFA_SIGNALING_VIA_NFKB",0.00104103136455108,0.0489284741339005,0.45505986738723,-0.602737768419635,-2.18455326355365,15,"SNN,SGK1,CDKN1A,MAP3K8,TLR2,CEBPD,PDE4B,ICOSLG,SERPINB2,ZC3H12A,OLR1,IL1B","s__Bifidobacterium bifidum"
"HALLMARK_UNFOLDED_PROTEIN_RESPONSE",0.0536044140520052,0.229037041858568,0.321775918075361,-0.985239852398524,-1.33556754561664,1,"SLC7A5","s__Bifidobacterium bifidum"
"HALLMARK_UV_RESPONSE_DN",0.182495344506518,0.504545952459196,0.13880510939114,-0.405957135384228,-1.28854134745599,10,"DLC1,CAP2,EFEMP1,PRKAR2B,GCNT1,VLDLR,DBP","s__Bifidobacterium bifidum"
"HALLMARK_UV_RESPONSE_UP",0.666666666666667,0.795669291338583,0.0681513438679483,0.265160531550828,0.827236313807587,10,"TUBA4A,E2F5,MAOA","s__Bifidobacterium bifidum"
"HALLMARK_WNT_BETA_CATENIN_SIGNALING",0.69831223628692,0.800504270865493,0.0649407684612899,-0.6309963099631,-0.855363484271329,1,"LEF1","s__Bifidobacterium bifidum"
"HALLMARK_XENOBIOTIC_METABOLISM",0.208812260536398,0.509814049586777,0.130777137971974,-0.383043831994862,-1.27553194113999,12,"ENPEP,MAN1A1,FAS,CD36,UPP1,LCAT","s__Bifidobacterium bifidum"
"HALLMARK_ADIPOGENESIS",0.108163265306122,0.108163265306122,0.193813302725311,-0.945652173913043,-1.28106838507633,1,"ADIPOQ","s__Escherichia coli"
"HALLMARK_ALLOGRAFT_REJECTION",0.0286511629882778,0.0573023259765555,0.352487857583619,0.989130434782609,1.36390423572744,1,"IL9","s__Escherichia coli"
"HALLMARK_ADIPOGENESIS",0.0453424581399562,0.200166805671393,0.321775918075361,0.547521288193503,1.54608397088352,6,"SLC5A6,CDKN2C,ALDH2,SORBS1","s__Fusobacterium ulcerans"
"HALLMARK_ALLOGRAFT_REJECTION",0.125144843568946,0.375434530706837,0.131457611642763,-0.277957918291079,-1.3523860100794,42,"LCP2,NLRP3,LYN,HCLS1,CCL5,GPR65,PTPRC,IL18RAP,KLRD1,PRKCB,CCL4,GBP2,HLA-DMA,FASLG,NCR1,CD74,ITGAL,IL2RA,STAT4,HLA-DRA,ITK,HLA-DQA1,IGSF6,MAP4K1,CD96,GCNT1,TLR2,CCL13,CCR5,FCGR2B,CD86,ELANE,CD3E,CD8A,CD80,CD2","s__Fusobacterium ulcerans"
"HALLMARK_ANDROGEN_RESPONSE",0.0403458213256484,0.200166805671393,0.271288554688953,-0.533806360338959,-1.58229912608225,9,"MAK,ELL2,FKBP5,INSIG1,TNFAIP8,STEAP4","s__Fusobacterium ulcerans"
"HALLMARK_ANGIOGENESIS",0.622950819672131,0.766708701134931,0.0840745577910723,0.36707938820102,0.870504308320722,4,"TNFRSF21,LUM,PGLYRP1,CXCL6","s__Fusobacterium ulcerans"
"HALLMARK_APICAL_JUNCTION",0.840466926070039,0.896498054474708,0.0870515867946735,0.153498415889359,0.747290710176503,19,"SRC,AMIGO1,ITGA10","s__Fusobacterium ulcerans"
"HALLMARK_APICAL_SURFACE",0.410385259631491,0.66193853427896,0.0802023444698144,-0.530368603996017,-1.04551489534389,3,"LYN,GATA3","s__Fusobacterium ulcerans"
"HALLMARK_APOPTOSIS",0.427012278308322,0.66193853427896,0.0676760401641789,-0.296781886972693,-1.04648905154497,15,"DPYD,SATB1,FASLG,BTG2,CD69,BIRC3,ENO2,DCN","s__Fusobacterium ulcerans"
"HALLMARK_BILE_ACID_METABOLISM",0.48,0.66193853427896,0.106323255932708,0.334792122538293,0.945381933810022,6,"LCK,DIO2,SULT1B1,SLC23A2,CYP7B1,CH25H","s__Fusobacterium ulcerans"
"HALLMARK_CHOLESTEROL_HOMEOSTASIS",0.814465408805031,0.888507718696398,0.0440640346597561,-0.344224116220841,-0.755832857875921,4,"ERRFI1,ANTXR2,CXCL16","s__Fusobacterium ulcerans"
"HALLMARK_COAGULATION",0.256446991404011,0.53519372119098,0.0978773277424561,-0.368133099713636,-1.18573882194449,12,"FYN,CPQ","s__Fusobacterium ulcerans"
"HALLMARK_COMPLEMENT",0.240506329113924,0.53519372119098,0.0943563635421779,-0.283410399172718,-1.21416590392497,28,"FYN,CPQ,LCP2,LYN,CCL5,CPM,PIK3R5,ZEB1,GP1BA,PIK3CG,PLEK,DOCK10","s__Fusobacterium ulcerans"
"HALLMARK_DNA_REPAIR",0.289782244556114,0.579564489112228,0.0999276973731092,-0.579481773527118,-1.14233161849724,3,"HCLS1,PDE4B","s__Fusobacterium ulcerans"
"HALLMARK_E2F_TARGETS",6.48190264734324e-07,3.11131327072476e-05,0.659444398037935,0.951166180758018,2.47775945139484,5,"SHMT1,PLK4,CDKN2C,MCM2,RFC3","s__Fusobacterium ulcerans"
"HALLMARK_EPITHELIAL_MESENCHYMAL_TRANSITION",0.227906976744186,0.53519372119098,0.20207170902116,0.227474150664697,1.19329774895352,23,"MMP1,FAS,ANPEP,DST,VCAM1,FMOD,LAMA1,ABI3BP,LRRC15,LUM,LAMA2,CTHRC1,PRRX1,CXCL1,ECM1,COL16A1,DCN,COL12A1,CXCL6,ENO2,BASP1","s__Fusobacterium ulcerans"
"HALLMARK_ESTROGEN_RESPONSE_EARLY",0.459970887918486,0.66193853427896,0.0672065093710464,-0.352338032288515,-1.0005018753988,8,"FOS,FKBP5,SEC14L2,MYOF","s__Fusobacterium ulcerans"
"HALLMARK_ESTROGEN_RESPONSE_LATE",0.597315436241611,0.766708701134931,0.0982123351217438,0.235454848254773,0.886582747829724,11,"CD9,PLK4","s__Fusobacterium ulcerans"
"HALLMARK_FATTY_ACID_METABOLISM",0.658469945355191,0.780487804878049,0.0810802057550866,0.355426074289876,0.842869250913715,4,"GAPDHS,AADAT,S100A10","s__Fusobacterium ulcerans"
"HALLMARK_G2M_CHECKPOINT",0.00226695410366319,0.036271265658611,0.431707695803346,0.832737053374089,1.97478043159285,4,"PLK4,CDKN2C,MCM2,PTTG3P","s__Fusobacterium ulcerans"
"HALLMARK_GLYCOLYSIS",0.198863636363636,0.502392344497608,0.11331290842208,-0.397117444754882,-1.25965473635063,11,"TPST1,CITED2,GLRX","s__Fusobacterium ulcerans"
"HALLMARK_HEME_METABOLISM",0.00443703652304745,0.0532444382765694,0.407017918923954,-0.560543864739708,-1.88575982441312,13,"ELL2,EPOR,SLC25A37,NR3C1,KAT2B,RHD,BTG2,TRIM58,UCP2,RHCE,CROCCP2","s__Fusobacterium ulcerans"
"HALLMARK_HYPOXIA",0.012254918794616,0.117647220428313,0.380730400722792,-0.425862618536817,-1.71377290230573,22,"ZFP36,AMPD3,CITED2,LALBA,ERRFI1,GLRX,FOS,NR3C1","s__Fusobacterium ulcerans"
"HALLMARK_IL2_STAT5_SIGNALING",0.0303297355614344,0.200166805671393,0.352487857583619,-0.363978063859766,-1.61519809763332,31,"MXD1,PHLDA1,NFKBIZ,MAP3K8,PRKCH,TNFRSF8,GPR65,RHOH,IL18R1,IL10RA,SELL","s__Fusobacterium ulcerans"
"HALLMARK_IL6_JAK_STAT3_SIGNALING",0.616343490304709,0.766708701134931,0.051011413203915,-0.260072241529896,-0.874924899498951,13,"MAP3K8,PIK3R5,CSF3R,IL18R1","s__Fusobacterium ulcerans"
"HALLMARK_INFLAMMATORY_RESPONSE",0.0458715596330275,0.200166805671393,0.224966093540314,-0.303348567431137,-1.51345768525636,47,"MXD1,LCP2,NLRP3,LYN,GABBR1,CCL5,PDE4B,PIK3R5,IL18RAP,CSF3R,HBEGF,PTPRE,IL18R1,IL10RA,GP1BA,SELL,PROK2","s__Fusobacterium ulcerans"
"HALLMARK_INTERFERON_ALPHA_RESPONSE",0.49645390070922,0.66193853427896,0.062249042949858,-0.315396704983367,-0.965658281737912,10,"GBP2,SELL,EPSTI1,CD74,IFIT2","s__Fusobacterium ulcerans"
"HALLMARK_INTERFERON_GAMMA_RESPONSE",0.311355311355311,0.597802197802198,0.0780892306943345,-0.247500576148103,-1.13284300603017,35,"LCP2,EIF4E3,CCL5,PDE4B,IL10RA,P2RY14,NLRC5,EPSTI1,HLA-DMA,CD74,IFIT2,CD69,FPR1,STAT4,CFH,HLA-DRB1,CFB,HLA-DQA1,IFI44","s__Fusobacterium ulcerans"
"HALLMARK_KRAS_SIGNALING_DN",0.734246575342466,0.839138943248532,0.0425023180036553,-0.224096434136186,-0.80002551507166,16,"PROP1,PTGFR,GP1BA,STAG3,BTG2","s__Fusobacterium ulcerans"
"HALLMARK_KRAS_SIGNALING_UP",0.0412903225806452,0.200166805671393,0.252961123069611,-0.358137359315917,-1.50342595361412,26,"LCP1,IKZF1,GLRX,PRKG2,CLEC4A,SATB1,EPB41L3,HBEGF,LAPTM5,IL10RA,DOCK2","s__Fusobacterium ulcerans"
"HALLMARK_MITOTIC_SPINDLE",0.911111111111111,0.950724637681159,0.072003313661988,0.206720233747261,0.663701672655602,8,"NEDD9,DST,TIAM1,CCDC88A,RHOF,CDC42EP1,ARHGAP4,DOCK2","s__Fusobacterium ulcerans"
"HALLMARK_MTORC1_SIGNALING",0.161184210526316,0.455108359133127,0.20207170902116,0.31552324055732,1.27433050479288,12,"CD9,MCM2,SDF2L1,FGL2","s__Fusobacterium ulcerans"
"HALLMARK_MYC_TARGETS_V1",0.0921843687374749,0.29498997995992,0.208955027549354,0.952761627906977,1.27124921140561,1,"MCM2","s__Fusobacterium ulcerans"
"HALLMARK_MYC_TARGETS_V2",0.0864197530864197,0.29498997995992,0.241339976815091,0.695737297064509,1.43781218495118,3,"PLK4,EXOSC5","s__Fusobacterium ulcerans"
"HALLMARK_MYOGENESIS",0.968253968253968,0.988855116514691,0.0689567351672811,0.18827973663949,0.60449610504778,8,"SORBS1,MYBPC3","s__Fusobacterium ulcerans"
"HALLMARK_NOTCH_SIGNALING",0.0566893424036281,0.226757369614512,0.287857117255149,0.863272727272727,1.46099331513452,2,"FZD5,PRKCA","s__Fusobacterium ulcerans"
"HALLMARK_P53_PATHWAY",0.0272798145755428,0.200166805671393,0.352487857583619,-0.464602403509591,-1.63824461645465,15,"MXD1,MDM2,FOS,DGKA,HBEGF,PTPRE,RHBDF2","s__Fusobacterium ulcerans"
"HALLMARK_PANCREAS_BETA_CELLS",0.804020100502513,0.888507718696398,0.0475434194201301,-0.390665493472749,-0.770118346835056,3,"VDR,MAFB","s__Fusobacterium ulcerans"
"HALLMARK_PEROXISOME",0.992063492063492,0.992063492063492,0.0456790414930062,-0.502906976744186,-0.664960053796513,1,"SLC23A2","s__Fusobacterium ulcerans"
"HALLMARK_PI3K_AKT_MTOR_SIGNALING",0.495495495495495,0.66193853427896,0.0650877566917313,-0.365643799701304,-0.96849332686093,7,"SLA,PRKCB,FASLG","s__Fusobacterium ulcerans"
"HALLMARK_PROTEIN_SECRETION",0.478957915831663,0.66193853427896,0.0815265143256594,0.76453488372093,1.02010234202799,1,"DST","s__Fusobacterium ulcerans"
"HALLMARK_REACTIVE_OXYGEN_SPECIES_PATHWAY",0.182389937106918,0.486373165618449,0.126253987849115,-0.573373462490172,-1.25898936873476,4,"IPCEF1,GLRX,MPO","s__Fusobacterium ulcerans"
"HALLMARK_SPERMATOGENESIS",0.414414414414414,0.66193853427896,0.0739901439101341,-0.393334484068836,-1.04183859635018,7,"DDX4,TLE4,SLC2A5,TULP2,GFI1,SPATA6","s__Fusobacterium ulcerans"
"HALLMARK_TGF_BETA_SIGNALING",0.392290249433107,0.66193853427896,0.0999276973731092,0.632594891442224,1.07059667053904,2,"ID1,HIPK2","s__Fusobacterium ulcerans"
"HALLMARK_TNFA_SIGNALING_VIA_NFKB",0.00108082526058688,0.0259398062540851,0.45505986738723,-0.415042313291449,-1.96582204038626,39,"BCL6,MXD1,ZFP36,PHLDA1,MAP3K8,DNAJB4,CCL5,PDE4B,EGR1,FOS,HBEGF,PTPRE,CCL4,PER1,PTX3,BTG2,TNFAIP8,PLEK,TNFRSF9,IFIT2,ZC3H12A,CD69,BIRC3,MAFF,CXCL6","s__Fusobacterium ulcerans"
"HALLMARK_UNFOLDED_PROTEIN_RESPONSE",0.462585034013605,0.66193853427896,0.0902635484340068,0.595768257930439,1.00827167905042,2,"EXOSC5,FKBP14","s__Fusobacterium ulcerans"
"HALLMARK_UV_RESPONSE_DN",0.0671140939597315,0.247805885389778,0.199915231309662,-0.382406358881311,-1.45072571036067,19,"FYN,CITED2,RND3,PTGFR,PIK3CD,NR3C1,EFEMP1,INSIG1","s__Fusobacterium ulcerans"
"HALLMARK_UV_RESPONSE_UP",0.451063829787234,0.66193853427896,0.0668966276500666,-0.328216989080334,-1.0049104784694,10,"LYN,RAB27A,FOS","s__Fusobacterium ulcerans"
"HALLMARK_WNT_BETA_CATENIN_SIGNALING",0.246031746031746,0.53519372119098,0.121543282035469,-0.880087209302326,-1.1636800941439,1,"WNT1","s__Fusobacterium ulcerans"
"HALLMARK_XENOBIOTIC_METABOLISM",0.666666666666667,0.780487804878049,0.0919686140000427,0.235384483541128,0.83680799996012,10,"ALDH2,ABHD6,FAS","s__Fusobacterium ulcerans"
