"file_id.BAM","file_id.expression"
"1697ca59-34c6-4550-b738-df21930f2b58","11ec9603-9f69-4cc6-9c24-4b1d375c59c2"
"ae301731-c502-4533-84d7-3e223265441d","6f4f4e5d-d81e-402e-859f-3ee580a8bbde"
"c3cd3c74-f88a-4394-9240-d4b5b754c070","708ac46f-4702-478e-b1ae-187e1a55b985"
"af831284-873e-4530-8bd6-bde434a78a1a","5f7d04a4-2a28-44ae-8c27-f5e60f244432"
"a03c7cc5-b501-464c-826e-73fb010d5641","371cce1a-08bb-49a1-9e85-645d4174decd"
"4e73fb48-52dd-4be1-acc2-e42ed80a6a7a","4cf333ec-bd88-4349-9c72-ee06d32e8cd2"
"502324ea-9c49-414a-8248-58b13da65e8c","03109baa-936f-49ae-acb3-2d00ac03c7ab"
"dfbf5fae-9601-4e84-8561-71f2d49f8520","09977485-e1d1-41b1-b2b8-7ab0ad6df0a0"
"53a795d9-cf28-4d5e-9d2a-c1fed7a7f6e7","83ffbba1-e36b-4ff4-ba58-2d92c4b53654"
"750866ac-7c67-4866-b7e0-e72e1a0a1595","4e2f5ec0-e96c-4e7d-bbf9-dcca3641943e"
"d6c587a2-3c08-4e70-9a21-cb3ed9088e9a","7a2ea46c-25ce-4105-9366-a82292ea1340"
"2bf39125-80ee-4c34-be99-92e0bda2ac38","bb8a0f58-11e6-49dd-bdeb-0b7eb2fb05fc"
"69ea4b44-0ae7-4261-98a7-e33754bef916","ed228bb8-2573-4860-94db-7fea3cb44438"
"512994a9-2bf7-4fe3-994c-f2a80c57b0f1","2eb058b5-5b46-4568-b362-e7e2332babda"
"952fb5b5-4a44-4c37-b5e3-0067448e1f89","eb2347cc-da91-4f84-a56f-ebc759d22915"
"b5e81d7c-13d2-47d2-ade8-16a9d9f52f54","c3f9ba64-6946-45d4-984d-b33ef2589603"
"060ece5e-6a9f-4146-869f-153e5ef7dbcd","bd2dfab3-88a8-4673-ba36-3daf252d0b4d"
"ef7c0e3b-66ac-43c8-a220-abdffbdd2f24","7324b2d6-dd30-4f99-a101-7c3d497bbcb8"
"1df0459c-d0e9-4608-b8a0-f2f132dd6b6b","49072d20-b1fd-485c-b9c7-6169ce301481"
"03d5c3cb-f41c-40fd-b1e3-2c95292c59d5","988eba37-1b57-4740-b0ba-9491b57421ab"
"7219d9a8-634e-471b-82dd-9316b7b28ff2","636b2a02-fffa-441c-81fa-d6d0c5c5a270"
"a6a8865c-75c3-4107-8391-41ac287fd126","b520edf2-42ce-4b64-8575-19e34b30f042"
"95c3c16e-9110-441a-b2dd-186e2fb5fb04","72174abe-f80f-4b7c-8cd5-aa00533486a8"
"2cbe4b2b-1e1f-4249-8501-1c1db85e2cd5","15864159-be88-41c8-bdef-c2c5927cb1a1"
"db82542f-db4b-4e59-8555-1765713e32cf","0570741f-18c0-40e3-a673-9c587232639f"
"ed78303a-7170-4a94-b69d-509634326a4d","00106523-5b1d-44ad-a9f1-7d84db08722c"
"ea4719d5-63a3-49e8-bf2b-69b5a42f8f3e","0ee30795-d8ef-4ce1-b3f0-084b7a39bf35"
"3c611acf-a120-4dd1-b213-dd9b938d2ab4","e4a20e3d-51ce-41a1-b200-0dcbfd01e674"
"8ff632af-e89d-4f9a-a3fa-9db3b5df6a05","1580243c-8353-4c6e-a532-81121b912c21"
"e3adceb2-6d55-4812-b972-e46d843cb261","6f90946a-0a30-49e8-8699-7a8890c01aed"
"663dbacb-27d2-4f8f-9704-e0e1115df17a","d64dbed4-65e5-4a19-ac6b-d8e7a06169da"
"9d21e645-34a1-49ea-8fa0-51aff9d1ec7f","3be1b9f1-f61a-426c-ae3c-a94517d0f9d7"
"34692553-cc9e-454e-a003-85618f12e15b","0e7094cf-4c79-43f4-8b72-9de259e5e18f"
"37cda416-f14e-43d4-8679-00d39e6a8ed4","a902f09a-115f-4374-ad8a-4aace335fbbb"
"5fb32663-921c-4e35-a3d2-a7f7ae7c0d9f","3963e642-4d9f-47a1-bf0e-83462bcb7b13"
"f5f8e1c4-4ee2-4f72-9265-37c988d3af7d","b5bcd3d2-9063-43c1-949e-e3001862855f"
"019ae823-acfc-49a6-a144-3b363b15a0dc","dfeb2d54-28da-4521-b488-bdac246bb59b"
"cc3e88d0-910c-4bd7-8e17-a15b2ef9f62c","649b19e1-96e2-4b55-951d-3b6ee9f4b91f"
"ac78ce0f-45f9-4517-97c1-f32525142093","646d58e7-b7e2-4b2b-bb37-3ca20b601213"
"777140e2-8110-407d-b44f-358e407d3ad3","692efd81-4aba-45fb-a7fd-35c10c79ebf2"
"7adde6fc-7b62-4f26-b327-d225b429823a","0c788954-4a2f-405a-b0b1-8d8ec4e701fb"
"d4e4ecc5-821c-4523-ac4d-7f7f66c44822","b26f9ac5-9100-4530-8582-11ab9dbfd669"
"b12289f8-8259-428c-ae3e-39190e67a8d1","c868cbd9-3767-4f6e-8fa2-770d80cf2b05"
"ae1581e5-446c-4537-8c94-4f2df8f46308","4faf76ce-1e05-4fd0-b210-2135200fe729"
"dc378fa0-3b2b-46aa-afc7-a285352e174b","0fa55c0e-6f8f-44a6-82fe-9a42495d3484"
"3788aba2-7439-487f-946a-43066f103204","e53e1a83-1979-4e12-bbb7-79b37d0cfe03"
"6e1add3f-e334-413f-a32c-3302f80db15f","3793cde5-8027-46ad-9003-6a9a43076764"
"53654dfb-9885-413a-b5bb-49b19a6a0f8c","bda1a9a4-a14f-4463-81d2-a4fcca65d6f1"
"4b440453-3a8d-4c8a-a83c-e44cbd6db6f4","9c64a139-1417-4465-8472-b44182874b0a"
"da61c732-293d-41aa-821c-caba4b248276","b0556a60-d6c1-417a-96c0-a861eb45f95d"
"4413144e-0daa-4c76-99ef-26c3447f426e","e02d06a3-99f9-49ae-b3b0-c4427951789d"
"d9ecc507-020c-4ae6-866e-b392b908d028","60bfd325-330c-4f93-8d08-bb2ab04ee292"
"5199cdf1-1f3c-4599-b249-74f1ee999489","789db3c8-c5cd-428d-aaef-e3f60c40bc9a"
"f209041e-319e-4258-8fdd-92d1a1aff811","7800bdb2-aa8b-43e0-8e45-1b968872b34e"
"d1f1002d-525b-4b8b-b52f-376bf792d74e","b41e03d7-e756-4eb9-9f6e-100164d981d2"
"d97e0ada-3a37-4b9e-97ad-70c78155f027","6e2db920-dc3e-4a74-8cdb-470cb61e2fac"
"47d0bf3d-3df9-4ed4-9905-20c297d71a80","a3f88a5d-7169-465b-bb80-e5999590681c"
"2e2cf870-a954-4e62-973a-875b7da7b226","5ff1be40-73fe-4cd2-9b58-4be53fdf8292"
"79e4c306-e3fb-468b-a218-f74f967ad09e","e8f1fe81-08ce-4db4-bd74-5f9d4b4143f3"
"29373132-a54d-416d-9915-8af204d06645","f7add57c-753b-49c0-8d79-29fa86ddd615"
"319b7911-ee78-4f54-acc4-ff2dcc1b7c5c","36263f87-1956-499c-ac90-dee060c5bdd4"
"141298b3-1533-4e08-8e2c-2bd583ab630e","ee4dcccc-514b-4cc6-ae63-6ed3e7519a40"
"9689b56e-3b60-4c81-89d0-3b99ae5cacd8","f7ce175f-763e-4a55-97e3-0381d889b0eb"
"a1a5218d-7aef-4fbe-b32b-811c82b5a9d7","31cf7af3-5576-4201-912d-5948fa2c0296"
"350edcf5-8891-4e39-af05-950f03742fb7","f006e10f-a564-425c-8d92-0b8c3d5c038f"
"cc60c38f-d789-44a5-ae2f-f90f9a438634","47d77ed8-b694-4193-9bb9-474899eb643c"
"5dbe3e1e-179e-41cd-8e85-ab7336cc0b19","919fa865-f06f-424f-88f6-8be604c31d20"
"13b3bddc-29b1-4c3d-95b7-8d8e21b2ad3d","0801eab4-8909-4a14-ad1b-e3c21a921db1"
"c99ce566-0135-4c12-b548-56f4bfb33e56","48c5a3e2-948e-47dc-b91c-68fa4603d2f6"
"e6cd2ec4-4abf-4ce1-8396-73681714b7fe","287bd253-f8b6-402f-aba8-e4ca7a14d36a"
"01004ae4-1aa1-40af-ad79-3a1c1ca8a527","15bb9c50-e4bb-4433-a9dd-32ddd6536b49"
"870133a4-4fec-4735-926a-f35c337b6b8a","df7f7d14-1b0f-47a5-b59a-b0ac7ebbb9c9"
"d7413273-71d0-4173-a8f1-b9312d4b383a","bc3a0b4e-47b3-4afa-b730-1f316eb4f783"
"ad23ca07-f4e4-4633-baef-b8452aaf4c78","09d57455-fdd9-4529-aeb7-8962d7997354"
"95e91400-a892-47b5-a0f0-c7bf0159348c","4c1b7730-cae3-4ec8-91e5-0ee2bc8080b5"
"61d20592-f798-4714-ae9a-fa40b968bf18","b7b8d49c-7364-4527-91d7-e1aad06c6837"
"e9734650-f108-4ba4-8b03-27cdcc48e92a","7fb73a84-867a-4c28-aa02-93068efffb7b"
"17a29d2b-3dc0-4f77-b86a-8a1b4b567ab1","d8a25d7b-ac92-4600-b3bf-7c23fc894268"
"e3241322-978d-4a95-872a-5ce967b2aba6","55a551cb-4099-49c6-bed4-b7e09ed288f9"
"fae5496f-0833-4974-843f-88f5e86d831b","31ba7ce4-234e-4ad1-83bc-a3cc2945bc7e"
"95e43960-65a1-4a90-91d5-d66206c37e89","a458aa3e-df03-4505-8305-0876fc180072"
"0bab1db4-90d5-4e73-be7d-2aa356e4e4b1","34b9aa3d-68d9-4a3e-8824-17a1110080e8"
"2e48e315-5cdf-4fee-aa5d-3c7baa4030ad","4ea4ed16-8597-426c-9485-0fc8a8d81973"
"0b401bda-9984-404c-99a6-6acca9eb945c","9a682812-c92f-4e5b-866e-df0dcc0ad197"
"8b49841c-8199-425f-baa7-0a499615a1e1","9ebbd3cb-b585-4c90-8e34-f42e22b97c08"
"bf710356-75d2-404f-b84f-60adbb2969e3","2011d3ba-8f3a-4307-a377-9d90f3fadee7"
"d309d103-5eb1-44b5-aa03-ec387033d0a4","cc81a268-ece2-42e7-97b0-f3ba7ad47508"
"0ce8638a-27b3-4d1c-bf15-7278dcff4c2b","1d01ca59-297a-4600-9267-e6333ce3b2b3"
"b22d685f-f23b-4f9e-802e-9615d6ed5484","77c07069-2887-470f-a1ba-66e5d038912c"
"8a15a700-3831-4c50-aad0-b2354c90389b","c04b9aba-55bc-4ba9-b761-3fea9f0d4c90"
"0aa646ec-ad04-4745-b768-ce1faab4cfbd","2328d034-7b9b-442a-ad5d-ad56d9c83d1d"
"01c5c0c0-bfd3-43aa-8f36-0de84e21138f","17c88994-9e8e-4f16-8c41-34e98a0d8c52"
"37c0e36d-e327-4df4-b359-357ac8625d6d","f50722f7-d55b-49b0-8c11-4502b9cf42d5"
"3c0e5d60-4dd9-437b-834f-536208a0fb1d","4410295f-d9fc-43b6-8064-17ec17d5fb17"
"c73f13d8-98ce-4447-b735-2ea883e617a2","6b00248a-8ec4-451f-91f7-626bb223b14a"
"c2f9708c-4f00-4d54-9df4-ef38aa14fb4f","79f11db1-6893-410f-8fbb-8da2a54d0957"
"818274b6-5103-4689-9d71-7dbff7ea62d6","f6d0eda9-920f-4986-82fe-1a327e3bd209"
"babb54ab-021f-4265-bb2b-2b81b3db4421","25b8756b-61b5-40f8-bbdf-7b2de810c92f"
"017e4572-bbde-4e44-9de2-22e7d2573603","74fd04b7-c554-4bae-a1ca-6b792b0521a1"
"acca3d70-03ef-40da-84dc-07fccb019e7e","9dc13355-5e6a-4d51-a58f-816699c1f466"
"e3e3cf2e-46e1-47ec-8b96-a8df15e22dc0","799199d9-0ff7-4d58-97bd-08009f64947d"
"958a5e6e-92b2-41a7-8ed4-3c464869120c","c02d8110-3041-4a36-ac63-531216141051"
"63de4009-4522-42ec-8c4a-74d1d38a9714","8a266c03-d5ab-4047-96f2-a850cc7215b8"
"fa5e83a0-4d1d-46fe-9f11-fb4a5bc2a87f","a42c7fc3-4f41-4b15-b1ec-2108fa916f6a"
"a4d598d7-896b-495c-9e6b-fef43193f9e8","a1677081-1019-45b1-be7c-420ba066a421"
"afb3c381-bf54-453f-ae30-b0c1fc0e55fc","e4b288d5-b877-42fb-a525-8ed6424338db"
"48af840d-b28f-4775-8f61-cf2b13aac463","5468841b-023c-484d-8c94-c6ae239bb28c"
"b9861b19-9008-4381-b6fc-1119427b93fd","8f9232c6-4ae9-4e3f-af06-335f107b09bc"
"e8dfe5ce-8db0-4040-8274-57ed7c5f377f","6fc8652c-24a6-49d4-8739-12cd70d947b6"
"2dbd9557-f3e2-4384-b54c-be1e02009b50","2abfe58f-f168-413f-a56f-4c3c2aedbe3d"
"c6871908-4dc7-4044-b3bf-dcb3dfcbd6c6","acf69ad9-4284-4fba-854d-4f792818bdfe"
"b1f7c9bf-daa2-485d-b849-ad74c6e49c45","bf9c448b-bdc9-4f74-b13a-374e6add7939"
"3d33fcb1-c467-4359-a59e-e8e6c641a086","1e50d68e-ac09-42ad-9678-bc0598328037"
"1c58a3af-fda0-4b1c-ae7c-afab9921ccf2","e2e19d54-e271-4d94-af60-8a2fc470a22c"
"57f3e647-cb7b-4ec0-99ec-fe5f0ff4049d","5faf3586-b033-45fd-8dd9-fef111b0f752"
"1cb9713c-0921-473c-a638-c3b520656316","e2916399-9c6c-4d75-a22d-b180ea174644"
"ee631538-5004-4d37-b089-61458c3d638e","1b843dbb-5ef0-47ca-9783-dbeb94aa6df3"
"a70e9c48-e879-406c-89fe-d951f93416db","7a0818ac-0f38-4e44-87da-55d812e447cd"
"594bcc55-4605-4369-889a-50940c93cd29","1e36b1ce-5849-48d5-8b9a-8102d833efc5"
"26f770ed-c226-47f3-8300-474cc5b068c6","a8d7571b-7539-40ac-8be9-209aa54769d2"
"ab2ba7fb-1368-4116-9e09-554427468de1","15ba704d-dbce-4532-8d07-f6f93ed4c12a"
"4c02520f-4d63-4903-9606-2537019dc1d7","0c3d283b-1ef5-459e-b312-c97ea0b6d793"
"46c7b417-abea-4dae-9202-e1edbea58666","62f84581-4c7d-4c8e-835c-9304bcec3106"
"d17056a1-8558-4585-92cb-f967d832459e","9556ee31-e56f-4611-9d37-2b4d19841d15"
"b8fe116f-0482-4f17-bfae-cd383fe2c0e3","cb76d1df-ba6e-479d-8858-005c17c94613"
"7b0908c3-8bca-49ff-b157-5de397f8b0bd","2f69766d-36f5-446d-ac2f-edf68ce4eaa9"
"e6799b0c-f37f-44ca-be3c-85503fc9c6e9","92107b4f-bd77-4401-9065-4b9704110d44"
"748c3ce9-e5eb-4901-b11f-2ad6b4bfd9b1","f590941d-19dc-427a-95b6-942c97ea8333"
"c979a1db-6612-49a1-b3f5-881241caec5d","df959336-a712-47a9-9042-b2b6bc01e813"
"1ba88783-3486-4ecc-98a5-1a99eaccd77c","bbf586b3-2d8d-4a50-b5b1-7d0c75b6570d"
"662a73d1-ef4d-482d-b427-7dfbca525571","f36f74a9-97b4-4913-86e2-56ebaf55f006"
"4e706ba6-a674-464b-b07e-7eea37f12cde","5ccb8845-93d4-4ce2-b97a-e230f1da4611"
"1d73147d-75da-4f0e-9fbc-25eaa3fe3cc6","d3085a8c-2850-4e9a-a0d0-7443b14d207b"
"89f88fef-691c-49e9-bade-63a6c137d3b4","773c7ef0-9536-455e-a3bb-3bc8d835af01"
"b80f2f67-842c-4b6d-9b8c-936c6f03ac96","d6224860-0b09-4d96-8a50-4acb3f72e904"
"58bc1f92-80bf-4b09-b489-984cd0144548","c71d0557-242c-46d7-8551-ca0eba56fdd9"
"7c091c25-4e74-45e0-a039-a758eae5d177","d1878265-460d-4768-a67d-73d8d5a315b7"
"d6cd2e4b-02a2-46d8-aead-2d2330f3d9b7","09796233-3f40-4deb-b77d-2267c3afff59"
"a2a38aac-ed6f-4547-a791-9b7a1947787d","a9557455-b007-4c38-88d2-8e72379e0e18"
"a347c627-0f46-4eaa-b5a4-2c1caeb70c97","c2b0ac40-50ff-47e1-8089-c920a932ed9b"
"b92432a8-a44d-4fd6-af1c-a08f5772b73d","de808f1a-676c-4bda-afcb-bf61577324f7"
"7042182c-2001-45bf-baf1-5d3e6827c47d","ff8de5e6-76c5-491a-8fac-41492723b780"
"792121f5-de84-41c8-a784-a313cab6eab6","c6e85461-d986-46c3-b6b8-ab56d97320a3"
"397f6726-1b1a-43c8-a021-6764588728f9","9a62fe1f-36ec-4e8e-b3d9-bdfc62f71905"
"e0a49df2-c147-42d7-beea-f670765005e5","6815a151-f39d-42b5-b17f-b219fe9f73d1"
"1e5e4d6e-d1e7-473b-81db-a7b5177595cb","4dba6abb-15ab-436d-baf9-232e436b19f8"
"63422250-8d43-46cb-98b1-4d221d115fe3","70c7147b-b316-4409-8073-968dfd14abec"
"86b72e80-9135-4951-b5b3-1e10bccc7412","d23905fa-4722-4c97-8b75-ea8ae67faf40"
"6dd62715-02e0-4539-ac02-4937d31b33d1","44f1dc34-a01e-4a7b-a7a1-a90064039fdd"
"6491c24d-93a1-42e4-8317-4999aaa264b8","9e189255-33ba-4802-934b-dd8a7898ef0a"
"e7db975a-8f64-49fd-a68c-5f6ab3690b1a","751f84dc-7c2d-417a-bc1f-6d5771f6f09f"
"c1c36a5e-5410-45ef-8954-70c26ef27066","63691c59-d630-4b06-82bb-3d0587638a33"
"9e3d7dde-04e2-4511-9b8d-ac29400d88a5","8fae8dd5-65e9-43ac-9b0a-080a77c71d55"
"1ec4cf4e-ef14-4554-b3a7-a28ab51a9610","f0b34dc3-72b8-48d0-a755-354c74405264"
"ecc26a6d-e617-48ec-bb78-04da3ce51325","d0fbe329-d4d8-4082-99a8-da1a1283963d"
"60b762e2-d8e2-4f1c-a005-65a221e035b4","70f99dbf-42bc-439c-b562-c51b8e54234e"
"e6e56025-3cb4-4a72-b97b-8750a320fc3f","c12e6882-8bb8-448f-917c-dc9844fca4be"
"538f05ee-2fa6-477d-a4dc-8668ad6f0c87","27af8811-03a1-43e5-8a42-8acf158e3e13"
"176aeb29-de28-45a4-b5ea-9912b20fa80e","fe898d64-faa4-452c-b8ef-cfec7250a286"
"eba4bb88-f729-4cc5-81fd-ed3d2926a241","1c48525e-6f1c-4ca0-9bb4-a9350cbca89f"
"9d8f2b87-a61d-44db-b3e8-39a3d66e6e16","96f97dd0-3c7a-4a8c-a165-9ab14c9fcef6"
"82e45dec-8993-4006-9c36-1d4ff3e37c5a","5ac3599c-0254-4931-8dc8-3c3294be3cd7"
"24a2b66f-7253-4878-bca8-1827b435dff5","583c83ca-b9dd-46d2-811d-a4cde176ee24"
"dfbba5cc-e927-4626-aa07-ade606767354","86679663-dfc5-46ad-8cf9-c7954c4b339b"
"5ac8fcfb-439f-4fe8-9365-cab7a65d1ffb","0f2b58b4-7d91-48f3-8901-b624e3d6aa51"
"56b9726a-a4e6-4976-97ec-015505c7b21e","d753b828-373f-4ebc-a300-598e0c6e79ba"
"d9c22b90-0792-4d33-a55a-64366814db98","c637fd04-9c6d-43fa-84e5-b90ded003dc5"
"2f4b19e9-a1e8-4a54-a391-412c321e2d2f","c7f72b3b-3e16-45f0-bf05-cd0c7ecc8e6e"
"645cbe6f-0891-48f4-8c62-9dbed218ce51","7adb9e76-26da-4812-9357-f8ba01a6daa9"
"d15c16e5-63be-4455-a023-89f69a54d631","1bc7c84d-0e4f-4c25-8e8c-62ff9c1082e8"
"995d963b-5699-4ff8-8af2-37b84aa7ef6a","46d30834-ed45-4298-bd3d-c8beb2a00b4d"
"7bf7e977-1e6b-418d-9218-112e0c9d317d","168e5cb2-7390-45ad-ad04-c9aa4416e950"
"d1518e2a-68f4-4b07-980b-3006bc2275b5","0ae155e4-871d-4b8c-9f78-c1fdf50b7610"
"ce91a0fd-da20-44a7-a8c6-93b89fa1f6d9","e0d1cd83-3f64-4e7d-9676-130f4ffb5fd1"
"f5f51da2-67b7-4d94-9ef9-dcf9f84592bf","26e89c39-a6f8-4a32-8a92-6a50b823f32c"
"d305150e-11e9-4ec7-9fe4-c1ab01c4fdde","ca75e00b-f5e2-4904-a53b-36a1314e8e86"
"8315040e-4201-42fe-9c4e-10ff635672cf","ba11a188-132a-4a25-b2b7-f958694976e8"
"c43c8100-92b1-4ad1-8f64-465299c53113","0134d0cc-e66b-4fda-804b-c4434ec00bd2"
"deefeb05-9e7d-4373-94cc-ddd06dab12fc","7e5759aa-8b94-4c50-8d62-779c69e29b79"
"089f5b8c-dc0a-448b-9a60-484f9c9a4659","586cc5be-d91f-47ea-9d1e-c3b65b2af33f"
"580673b2-53c8-45d3-bc11-aad2e8d20da8","2bbbc886-4ec2-46f0-9c1c-4a6e8500c3a8"
"be80fb51-f36b-4c3a-95f1-c97883538e49","d1568c45-efd0-4f11-85f3-4df20837c6ad"
"67ce9fa8-ad21-489c-a30e-aad7c60ffdb4","99a43c6b-1c71-4cca-abd1-90efb88351c9"
"c33583f6-c925-4130-97b3-df2eedfac69f","88439d95-9798-401a-a8c6-da6d529b180f"
"25b69024-8496-4ec2-b780-fe52fdbd6bc4","978145ba-cca3-4244-8a98-9cedb455bd9b"
"7c60cbcb-5511-48ee-9fb2-82d679ca972c","6b5f99b2-d1e2-4133-8e61-a6b337e6e70c"
"c7ac45b4-b821-404f-92b2-2361e66289e4","3eb03db7-efc1-4f20-bbc9-61551905eb9b"
"3382f309-87a3-4df2-a97f-4b88cf2acda8","2f6070c7-99d0-49bb-83ca-33c032650cde"
"78607a48-54ab-45d3-8b3f-3b001de54b32","7f5a924a-ddf3-45ff-be1f-5b5909305f46"
"5dfd07db-48b5-4e2a-8079-9ff267002b6a","e2bdca76-7bc5-4143-a6f6-3c6642425c65"
"90abad6a-d6cd-47eb-bc0f-c5fb83d9b768","37e498a7-b147-4c38-a3f5-ed283d57f97a"
"8714c72b-5800-4ee7-91d2-848742701d15","fc477ec6-19af-4eb7-91cf-a8a16392f034"
"8b8d854f-ab06-43ff-83c6-cb404c6fd5cd","5f5c42f3-3631-43a3-9774-164eca819389"
"c9eebf0c-3768-43a1-b5c5-874a0d4843c2","36f45f98-2390-4c73-aa64-079e175034c6"
"186917bb-ac60-4e58-98c1-e6067f112966","934f9dc6-1260-4268-b022-870f1e37dd6f"
"5c0cd2a8-f5b7-486f-8762-3d82796009ac","3ca0a519-7a74-4077-9168-e6eb2776c475"
"08b71bc1-d0ba-4b9f-9e4d-2e2145ed8542","f2705da8-e618-49eb-8e1b-f1f189c2e5bb"
"54c33b2f-6743-43c9-9bc3-8c05756d0285","6c36cbba-574a-46cd-b4d8-5ded5458f865"
"2275d7e4-2710-433b-964c-08517fde6fd5","3376ed7a-1ebd-4727-9be4-816142268384"
"d9967737-1c82-4ebf-9596-2035b957261e","8e0528dd-5f85-4f48-937c-9e1455fbda78"
"0c02bf18-3f95-468a-bdb8-408ad4e77e6a","424d8e5f-9fc6-470b-ad2c-b4447b0eb07e"
"399e1bbd-a61d-43cb-8bab-202aa478d23c","7f9cdd9b-cba2-4847-82e9-4e1df1cd9857"
"d0bc5e29-2b9e-4778-b501-b1b35ebc0571","3f59c9f4-10e4-4410-9515-9488181f54fc"
"97701a47-a36c-4208-bb0f-d3ce03b3e4ca","e52b5fe4-cdde-4176-a495-bff7c0f130bf"
"f7c18a1a-ea2b-458f-8a08-14b6ed2bab4a","d325abb3-79f8-471b-b118-5d57e63b2d63"
"23537609-49f6-4632-b594-665cc21c5530","b62e353e-4ebe-4e0c-a7e7-877bf32fc36d"
"fd97e496-2071-4a24-9267-aac611222d12","e871f1f5-3aec-4f7c-b5f0-f843b6ee5699"
"74b0ab15-eae8-4113-bb3e-6e77d8777122","f042c745-5531-4011-b868-0729d28c1ea8"
"0b2e5ffc-3a7f-4178-b0c7-c63c55ca91c4","c9fda97f-787a-4108-be56-a30a607536b6"
"65644170-e9da-4222-a569-813501b75432","5a53d4a4-d07a-4818-84e8-094440e3a55e"
"8b2029c0-2961-4c7f-bf1b-bd76727f98af","462a6c8e-b7d3-43d9-a021-49bb2c5686a5"
"2c9301be-9633-413f-97e4-17c11c9cd45d","b8b7ab76-be8a-4bfb-a931-b9767af9cd1d"
"93be2945-a8ed-48c6-8835-0d4c2f007334","40349596-c455-41e5-b633-aa858711fc40"
"edd2527b-92b0-4c30-8458-d9c568f48c1b","0f5dfd08-9300-4d9a-b9fe-04bf86c9b743"
"54a61d82-2052-4651-8b17-e035fd09bc4c","2ffe5c2b-5baf-480b-9886-25253003b52b"
"2c9b6da6-3168-4429-9abf-ed953f4e2b53","a7751cc2-eed3-4fb9-aaf0-abbd31bca875"
"a00bb3a9-e2f2-42a7-849f-483d782319e7","c74bce4e-18cd-42af-ae4c-9bb423efa9f9"
"57eb4718-3ccd-47b5-b4d2-ba37595e946a","e6d40ab0-a9ee-44cd-898c-be0d0caee6af"
"95017234-5c63-4027-967b-d8071719b490","bd8839a3-4dcb-4688-b051-6f09c18d7fc7"
"c257ee3d-8230-41f3-a5f7-948fd141a900","af65de12-4ba6-472d-ba11-22ee07004ba5"
"2c4e832a-7fe0-40d6-95fc-910a409f15ce","caaf2201-e0d8-46af-9d53-ae776306761f"
"fef3e110-f837-4d6d-9937-17db17417017","17510ea6-0c97-4bd0-94a4-63dd76e5b7c7"
"374d20f1-4934-4bc2-93bf-0c9bb3d4ed0f","04404d33-da5c-4477-ae6a-b968332c48c0"
"25b9e5c8-514c-48d9-be40-a5644b7b99f9","a6511301-e89e-46a4-8d57-c9803b0ac174"
"f4a2081d-efeb-4bb1-9642-528243bd95bc","31ce5f7c-5f1d-4e54-9343-5e9b57f5ed10"
"2141cb70-d858-44e4-bbc7-ab0aa50e5218","fcb5f382-f06f-4885-8ea1-c0699b408838"
"c4d62f18-52a9-4753-93c4-547bdbf0abea","c55df672-3e6a-4625-bee3-4736808f96d7"
"8da4a13f-950c-4e03-a216-1e88e1591f2b","b1868d9d-ef06-4353-883b-230dae23f8b6"
"c8ca5a21-07d0-4641-b115-89f3472f7bca","8f77f4f4-b184-40c7-8ab8-2f95b13620b5"
"1322abdc-d1c1-456e-8715-b3050f4615a8","4f89b1c6-b0a3-4739-a77c-2458e6d45351"
"85ab069a-51ec-42ed-8e01-3f41791dc3b1","056fe861-9f3b-4693-999a-44d1d7c43ab0"
"739f4d3b-d73e-4cd7-862e-1f843c0f73c3","d65a7cb6-4b1f-4976-990e-c4f47ae11986"
"0913819d-0743-4cba-9c30-25338bc9e080","066a17b9-c724-4390-9a5f-d46cde556de3"
"9063d2f7-1676-4753-b075-0c7ee6668080","e86b6f79-cd01-4530-b315-c56e2fb0293f"
"6f35b897-af4a-4970-9865-bb55b51cfaac","c0085daf-b7dd-4c12-b347-6949c2421934"
"d797d295-bd32-4463-9633-9d6be8690328","52e5f11b-9a73-4535-9e4d-720fe8feca0a"
"31dadbd1-e5d9-4248-a61e-e399ef944106","f1038bc1-954d-4476-8abe-85093c206a5d"
"f0894c89-ad5e-4e0e-8289-0a0dcc5e5d28","b04b6183-ac95-4bf2-93ca-2890212ef3c6"
"52864b61-728b-451a-a4f9-f922ca6234c2","a0d07984-a6a9-4571-82f5-45fade1f1b2a"
"5db91964-ded0-4fa0-abf6-815d8d18d1a6","c41b924e-d405-4501-a981-1c04d70a841e"
"b5924714-357a-483a-b72d-0dfb0af536cc","762034f5-879b-4e74-a75d-064aee08c500"
"632c26c0-149a-40e7-b2a6-8d131c43adbe","1d975006-4e14-4f2c-be5f-e09f58790d62"
"5ac7d2fa-4458-40bd-9023-69d9aa0d0b75","11320586-6000-4f23-8e68-926175cfadf2"
"cb21f8e0-9231-4fa5-95cb-90d44a2fc994","2f05c173-adfa-40c3-baf8-02563270ff3e"
"235f8fb6-d408-4560-92f6-5a6eca723f12","22bc2908-b3ef-40fd-a652-b3384a79bc43"
"e0bb69be-e9d2-491d-87fa-dec9cb70c368","e5a78b77-957f-44d5-b69b-12abbfbea50c"
"a4299481-edf7-4286-892c-d6d4a35e061d","fda5b844-1fa4-462e-bd3b-482025f6ee30"
"0188bc58-2deb-4978-98c3-3028d6fa61f8","d3c40c02-3b30-4057-9295-d7b4dfd7ee2d"
"fde66458-b58b-40e6-89cc-97970b566b85","f5c9ea63-ff66-441a-9a6b-055fdcd7cae9"
"3554e5ef-2546-405f-b206-4506044d9e34","dd2f8e69-327d-453c-bbea-81b0bea7f977"
"2341bc87-50c7-4fcf-a721-abc8744aaf1b","1ec0cdf1-3bc2-4f86-bc5c-8d9cd30982d2"
"3a5f8663-1dd4-41f5-8aed-0c6f301adecf","e86a03f9-e821-4f91-b09c-0e624239edde"
"d366f4e7-0eaf-4c32-a080-864679e1a6ef","5d362da1-aee5-403a-a16c-97d7d7b9d219"
"3f26333a-9c85-4f55-8a3e-6f78d91cc553","d60b1d68-c859-43af-b9bd-1a7dae06c804"
"34d812f9-20d4-4abe-96d7-9890e7777246","d0ff575f-1259-4a78-b74c-16e48a7d4e38"
"b5370479-3144-41e3-b82a-f8be992161df","d49b2de9-e099-421f-b94c-e6dd2181bb16"
"619f0e76-92e5-4a03-a4c9-a12abee4bbdc","06c8dfda-b057-47cb-b435-9c2739694f6a"
"b7e78979-c177-427d-a627-b5f241f36232","9daee176-d523-4450-8ac8-0f69d028399e"
"32306d12-f10b-4558-9c7f-043c3ae1e3aa","1f5ff5c6-64a8-4214-b304-634aae40202a"
"9a08a37e-4b2a-47c7-b472-c6e7d01455e0","667dfd86-8611-411a-89ce-1de8b6089a20"
"57924cdb-698e-4bba-955c-551183ea5971","a046b793-0eda-4c57-adfe-b8800ece1dab"
"889a7a6a-94c9-4841-9729-5776305164aa","3abbd2b5-04db-4fe0-8dd1-ea2b48caa4c1"
"c6b5b416-69f6-4782-b8a4-a399759b652f","547c5238-9d5e-4391-ab5f-b62f576af519"
"bbe188d5-0d08-4e36-a3c2-1f4d92fee029","67d1e5e4-91de-43df-b127-ffeef6070603"
"1c491437-900d-4a9b-88d0-7668ee41f052","911f6378-8a25-4570-9d3b-80f5b5bfc085"
"f08dc7f4-3cc3-4743-a84e-d586d74af8d1","1b054b39-aa38-4356-8447-71f211365a01"
"c4db8ffc-021f-4805-aa88-86f5c8d0e03b","c264fe3b-482b-44ec-83a4-73df565663ff"
"ed8648be-08e5-4fb5-a769-13d9da265bd6","079e4d43-d129-4ad1-b5b6-7a798f440792"
"aafcafb3-e20e-4fec-8741-7517554db974","5697212f-b3fd-479f-84b0-ec0aae54534a"
"94a4faf1-30d0-41f0-a9c3-40932c0d157d","737a6ce7-5446-4610-bf9f-5c46b769b842"
"5db545ee-6ccb-4614-a9d5-917e9a5f59d1","665cc2e6-600b-4557-911a-ad94340333aa"
"b06ba18a-887c-4e44-bb1f-3e7e33ec0e3a","5140a52e-42c4-4374-ae49-b208aff98396"
"b7b46e6b-dbe6-4510-8faa-9df4c51955a5","d9a7bb79-e262-4976-aa25-26cb9baa2c99"
"01871314-b195-4142-8149-1cff7ea8c3b4","0a8b5557-54ea-46de-b575-8d781ff86513"
"4764761e-61a5-4c07-8b2e-1ee57c256c72","6dcbab48-76ea-485d-a2f4-764c61f3b503"
"950770cf-887a-48d3-836a-93aa74fda7db","ce03135f-f554-4ef7-9af8-c006486516be"
"e7d0b71b-a95e-4f35-ba52-77d9d6332309","fabefb10-5546-4017-8ea1-29982a10fb3c"
"4c02368e-d032-49ac-92d7-18d33282eac9","c8544a8a-4352-438d-94d4-3495af2e9a78"
"4f70e838-3eba-4bb0-809e-4f1dcb85f1c6","b49d2b1e-310f-4278-a7c2-5ea95c2c7c43"
"191d5b7b-5be5-401d-af1f-4bc858e92dbb","9deb4935-7e2f-43bf-b115-2e5a0021c5dc"
"e295108a-71d8-400e-9f31-e6a3efafc790","d547863f-18eb-4c29-8265-953055c129d3"
"47ea59f4-774a-4d37-8777-fc433a3ff20d","f346f2d2-285c-455c-ba34-ea8eec3fa881"
"3eb7783b-e954-4e28-ba9b-b3bdf7e84308","9c2cd1ea-6106-46c6-9966-5e9f4de8665e"
"8fd05050-1405-4248-96ea-d2c350c5ceb6","a58a7a42-4dda-46cc-a9ec-4a3ca597d972"
"cfc92f92-a090-4b6e-a290-df5c2e67adaf","33188748-30a2-41f2-bf42-69da0f011e71"
"e3c93620-749c-44e4-a92a-0760c29e905e","a9560d7c-294e-4dfd-aa10-4ab456d8b124"
"13dea3ca-0454-465e-963b-9a33fafd098d","b2d38886-f7a9-439e-86ac-d99d45447cc1"
"523a2efe-a335-49ac-be50-45bdb2dc38f5","73ce143e-44f1-49c6-963f-45246d8551de"
"75cf302b-e2eb-4334-a78e-806f6a889bfa","13abc91e-fbfc-4c55-bf54-fbd134979ccc"
"3943514e-52e0-45f0-9af7-935c795c4661","740870ab-fb90-43be-b226-7cf1efcf547c"
"fda49a14-df20-4ff9-b355-d0baf50a260a","9bf28651-4429-4fe5-9e9e-dda3a2aaa221"
"945c6670-9e72-4e85-b391-15d6f72f6e09","9ab691dc-cbc9-4bc5-8bd9-865783762473"
"fcd30e89-8cc6-4f73-bdfa-82ee29acfaaf","bdad6b32-b7e2-4bcc-baa6-31b3c4ef2ea7"
"16192934-7f79-455b-b09c-aa5b84742f6f","a77fad02-ff7d-4f73-8a19-caa329589dea"
"63cb0782-d5c5-4c9c-9e6d-b5e722e11cb3","42c56861-1c90-41e0-a5d5-324e5fd80ea8"
"606e4d3b-f02f-4349-bafa-804180766782","7b2cd944-1cd6-4107-8aa6-11913ee32257"
"8495ff8f-e627-45be-b34f-52c43fc02895","6947d9d0-2d4f-444e-889f-7dafccb67251"
"bf18b4eb-ff17-4632-a0ca-9a1c0f002156","c6972d82-17ef-4d72-8827-a5305d55f784"
"04c851fd-153b-4707-8f67-0aa6cc82eaa5","a202e636-8c19-4ce8-9902-bdd7be7a3447"
"d74cd87c-6889-4bea-aae2-6aca8878a630","43b292be-5d63-4523-a43f-666d20039208"
"b7c4c2a7-78f9-40e5-817d-33ebee30bb72","55aa6d16-3598-42ca-8844-0fe84739ef66"
"7060c025-76f7-4df6-9c33-cc4033522905","fc5dea3c-dfa2-4d52-ac5a-49335d6d5eaf"
"45ada0d2-6a5d-4b57-a79c-4e0e3d7a9a7c","0cb305a5-d4a7-4eb8-8e8e-d11a5ebc3e0f"
"2fb18d77-8b41-4c3a-9359-d1894466351a","1880aacf-cd87-4a9c-8d53-16507475f3a8"
"3bc0d4be-c7d3-443e-832c-42727ecc85ea","14ea1c20-2700-4de0-88c0-154b116b1b8c"
"2edb136e-dee1-4fa1-9270-f7a7bd1c9aca","3c6178fe-0add-4c72-96b2-a3aeda20f36d"
"76d40084-e28b-4420-82e3-7de888f3ecb5","8bc10161-4cca-46c5-985e-e07349484ec2"
"12161cf4-f5a9-42ec-b4a3-6ffab9f12820","23fb4808-3b58-41b9-9c15-0ef53cafb713"
"6fbeb1e7-a565-4898-a440-5e39173af186","61d0e01a-3e40-4929-80c8-36f797c6771f"
"b509051b-8742-434c-83e0-96f4d67ca801","27cc2167-5838-41d3-9d57-4c6a13f7ebf7"
"c5849645-9fb4-472f-b5d0-98dfbe740b9c","c2357737-ad60-4603-9ce3-4b30cc45d30b"
"b9db52ca-bb44-4715-85a7-d31472e48611","678d7cdd-0a63-41b2-9203-fa1385494399"
"06ed2ad9-5fbb-4401-8d1e-ed2d3814d7eb","dd8003eb-e16a-424a-9092-520676779c53"
"8f96ba31-383a-4457-a85f-9bd680ece6d7","51cca578-4550-43e0-b37d-3275339748cd"
"b0b7a16b-a600-46d0-98ec-cdd707456446","b65c7ed9-f7ef-41ea-8d92-793a6630f424"
"bc9268ed-46e3-4d54-bf2a-d43bfbd362cb","9c52ed00-325f-4664-8873-327bcaa5ea74"
"8c780851-031c-4603-8f30-e0e9941d1f41","b2d608b9-9bb1-4261-8d44-295f3e5c9774"
"c7f9ac91-e018-4ee3-b751-8b14fb299feb","108ce3fb-e25d-4f51-9d45-2a4a5360d959"
"b6e908ee-def3-4d88-b986-2bcb0e8a8c57","53d31c62-229f-438f-b603-263bc01e4bf9"
"a755488b-a857-4949-8706-80fe1ee83700","afdad23b-73a0-4cc2-8fa7-692d8f0908f8"
"fee52a75-9837-49f0-9a7b-88c53f2f5675","c3286e7c-ac3f-4bd1-b501-8f5e524962a2"
"10538428-e86a-4061-826b-4d84d42128d9","bc3587cc-7a94-4b3a-a2cb-1f340fcc7476"
"88065523-5e2e-459c-9864-252db22ac374","4164585c-16ab-4133-95fe-0fb1ec1837b3"
"704c41a0-2355-45f4-80c3-7a37ae745b6b","74dd978c-a067-479c-99c5-b3c130097091"
"adb45984-11cc-4889-a4e6-a3e9760440a7","72d4e62a-6846-49fd-a365-f9c3897a68d8"
"66b56c84-fb00-4e46-b23f-e6e4d2cff38a","e4659168-40fd-45c7-a042-25da0c8a13f4"
"20f32e26-cb0e-4026-b84e-a4c0e488ea2e","62e6035d-ecca-4e98-a1c4-4663be031c56"
"5808d312-f3f5-4865-ad2e-61a2be9f6a16","dce4add4-d840-4a9f-9c8f-34ec9d6962ad"
"91cbb888-04ae-4b08-b9b9-0c3d0a25d8c7","f039ec8b-c156-4871-bdfd-c4c18e0c262c"
"a1a47bfd-4d84-496d-abe4-5a85e440910e","104bf6a1-d717-444e-9c2a-cf7db108e49f"
"f280db18-74de-4f3f-b2fd-bfbd0d8f763c","5e710091-8c1a-4698-89f6-7fabe878f104"
"1c5ab7eb-aa16-4a37-8267-d0f9b9055624","dc60af8e-6d7e-47fa-80bd-169d9490faea"
"240929a6-26b3-4cf7-8894-ea619f3f2f0b","857c670d-8322-4648-a3de-8279a9d015b7"
"e04a7b04-d537-4336-b6c0-a984205f8105","f7787fbb-68d8-4c5e-8c19-9e87c6ecaf79"
"4fcd18dd-13c5-4809-85c3-803fb1fe6a74","8abb55cb-7c9b-484f-9333-bf52deee1ae8"
"95ffede8-754c-4976-950b-80aa20246b2c","8f2d819d-6def-4f50-b2b7-d91ad528b7cc"
"a429e723-ede9-4e2c-bdf9-60ab63211d2f","7b9444ad-b7fb-4032-9109-8c2b7ab160a6"
"d9857359-e656-4ca7-b6e8-f779d20b1231","f0e2b6de-98ff-4f37-8b09-a6caccd0f0e3"
"f78c59f3-c908-4da1-af7f-31c3c74b9478","56c021d1-0f4f-43cc-b56e-9972852da215"
"7b3da857-4339-4421-9c4a-fd5df47128c2","5530efde-0749-41ed-a74d-7c8f1f07c06a"
"574c4afe-e6ad-4d86-aa7b-31eb92a48664","1f8c5590-d6d0-42ea-82f7-9d4f4d416660"
"60377214-6680-4186-a81b-1a9b5cd776e8","e8b1d97a-2c30-4a18-adb1-15789d187dc3"
"29c02bb2-5f2c-4c96-8458-48ebd0c1aed1","35bc4328-d97f-46eb-bf34-bbe0f23063f6"
"64659d7d-b688-460b-b0aa-190e389e6676","73ec7da0-133a-4ce6-8035-213ab55fb923"
"7810a350-22fc-4300-b760-a78efccfe48b","09d6c070-3a3a-4e47-b7e1-0c220266efaf"
"47b33bbd-e905-44ac-b0f3-c9ad6e0d4a32","60056a00-bd9f-4bca-b9ba-6de18ab1dfd9"
"4b2bacde-02fa-4edf-bbff-a1fc8b864bac","e4e7ec56-30aa-48d4-aef4-7e88f408a2f8"
"bd582f37-941a-4136-8b91-3ea8ed81dcfe","ee926a57-93f9-4eb8-86da-224f5daac92a"
"6e48118d-8114-4539-b349-e37d356f5cb8","fd40f0e5-0825-409b-8a4c-86da09f0a84c"
"4de88051-0d80-419d-ae7d-89dcce5f6baa","f749b616-111f-42d6-b71c-8a3a604f2f3d"
"f815284b-74a2-4ad8-9f1b-aa1ec54fe579","dade0b16-ecc3-43b3-b328-3819a8fc18c6"
"0c40e977-de94-4e89-ba1f-2b4dee44058b","db9a7c76-8e42-4f1a-81a3-a9d4eb5365aa"
"92735dc5-87a3-4387-b8ca-dc354957d51e","e69b55b8-7988-4881-be5e-22e20d42197f"
"b4b665cc-4090-4116-972b-49815987923f","f96e90ca-9211-420e-a75f-5f30b67d2d95"
"afe6dd5c-a32e-4ba8-a9b5-154b27a9513b","020aa019-a3a4-4055-92ee-be824a597501"
"061b61c4-5f4b-4c1c-95a4-0c757e04f506","2e81bac9-aafa-4aba-ba62-327e3bc8dc51"
"96ae8940-3c05-44b6-8490-c68a94210912","08239d16-937c-4758-9e3d-38217e4c9f35"
"cbbd47c7-cc50-479d-a1a9-7199f0bdb9eb","e7b00f7c-3aed-46f9-9126-0da4f4e74320"
"5043ce43-ed05-4ec8-9264-3d819eecf0b4","2de834f0-d5dc-46d3-9411-3db9635e9b99"
"ec1f97e1-e296-42ff-bd83-c98e3d64a217","146b8525-8ea4-4976-aac3-080e14a80fc0"
"1de5a7b3-400c-42a2-bdc5-b548f0c3d911","cf9d1a47-ee65-4505-a2c8-12d04366aa28"
"af862835-d908-4ee8-8753-78a612d419be","49db2bf9-49aa-41d3-ae5d-3aaa26ff40fb"
"2b8b1600-6771-4e81-8219-abc463749872","bbb89e05-7c84-4905-9a05-8315c16d26b8"
"01da19af-770d-4bab-a441-b1edbeec06c0","bd2b70a7-7a80-4ede-833e-ed6365552684"
"f0d8d261-4a8d-43ee-88b1-dd0ae617401f","1106a73f-5abd-4a2e-9e07-86ac7a737b77"
"d7f7a9b5-bb8a-47a7-8b30-66042e448446","0ee894a2-b2d9-4d06-bba4-dc1e915c698a"
"d350e93b-146a-4c0b-8143-cfcb8bd6c5b6","b39f2bfa-5d4b-4bbe-9870-a93efff7bc5c"
"2460957c-1d55-4afe-9ad3-76b67ccd12fa","ddc5dfb2-e7e4-4159-930e-120c7d2a8640"
"e82d0cdb-5eb9-46b6-997f-0284ad904d8c","f6893b7f-2472-416b-b137-33dae673d150"
"ef99b87e-4d27-4689-be93-6a55f20ca577","f3ca8406-7724-4096-8f4c-31f39ae25901"
"29c6bd2a-d4db-40db-9249-bb2b7f24c7bf","fdd24a0e-f3ef-4a5a-87cf-f99884b90fb9"
"582d18e2-d81f-4e8a-bc86-e37b1a23e140","8c0efc8b-3e41-47bb-91b5-e55f525c0776"
"a7bd9600-93ca-4090-bee6-902e05adb2a8","7e5fbe6a-4463-424b-b024-b207d4a89962"
"3a104c46-79d0-4f37-b136-4a0ac9060772","3388b247-719d-41d6-a600-83abd6bd6204"
"2510022f-851f-4138-8b91-7ddf4e4d79b0","4e21fbbb-d38a-4af7-87df-055624c780e2"
"413235cd-4b6c-4f4b-82c1-39ff3a1bcaa5","d51754a9-71d1-4cc4-868e-fe8d29efa4d9"
"9081de60-839a-4e20-8702-02909e90cc71","9e8b528b-1172-4c07-a09b-ebb23cf2310c"
"b9529784-8475-4460-bdd5-7cd72f13d93d","5654a36c-4d18-4746-8a4c-b7b616f99481"
"61f1e33f-6c84-43cb-b7d6-53701e9ace1d","d334512c-d092-459a-aab7-a3a0e281d9d4"
"161c6383-b582-488a-8603-85ff3a54cb7c","54597194-db70-4e06-846a-1650b7562c51"
"1bedf783-74c2-40f6-9ea4-7911899fcb9e","7261b656-c79c-4581-a503-15b653e2b5d2"
"5747c9c4-fb2a-4134-bb1d-208d688a4ae0","07ec290d-c41b-42eb-8cb2-07504451f732"
"41785c09-4489-40c9-bbee-1c968809a3cf","562e2cb3-078f-4796-b8a2-a0196713ebac"
"b1c1469d-afe1-422b-89ee-9d4a255cd23b","b4569515-17c7-4029-9c84-52aa7e1a7d2a"
"fd9ac46f-2517-446c-9325-06f8db2ab89c","966ad64a-5a6d-4219-ac8e-adbfb9a79cad"
"a48881ba-f048-4060-b1f9-6debf1ee69d3","569ff63b-ea1c-4189-a5e5-8c44ee670cbe"
"3643e79b-34d3-4645-953c-648f97cdf9d4","161caa2d-589a-4834-9073-3824031da5e6"
"f0aa76b6-11d0-425d-be31-921074003b51","2b5f6764-5a5b-47dc-b0f8-7a548bab2e26"
"73715275-7798-4bfa-b916-d52642b8d83d","b53f9a9d-b24d-410d-b3e9-f2a8bf22ca27"
"7ceeade2-41f1-47df-9347-f7b79f2efc00","bf4c7278-d90c-497e-97af-cc9c68ca1525"
"e4702c44-6404-47e4-8681-9c4fdb578cf7","0319a4cc-ee3f-4c6f-83e1-7cdd5f865dc0"
"e828e5b4-a67d-46df-8b0a-912755ca7e57","3a93e1ff-bcdc-4dea-9541-54b074e4f967"
"0445b57c-2057-4fd8-aaf6-263793c960c5","30cb2eed-e635-466d-85cb-6e3d00828688"
"51879acc-569c-4838-be5a-1740d46e011d","81d8c120-144f-4ffc-9ca4-eb76ca1fc821"
"2ab84a5c-4c77-479c-8a3a-15f292e7f85b","902732ab-8a29-46ae-a06d-556ab3cb6825"
"611afd21-d36c-4bcd-8de1-45d63c1d449d","bb5ddfe6-cd9a-4702-873c-9607e6522161"
"c3269758-60aa-4c03-9085-ef9cc5862242","d314696b-bbb9-425a-8a3a-5d32ec57af17"
"d7005e5f-cb41-4fa3-ad14-baab9419a7d2","81903241-4091-45eb-baf1-90b10b727208"
"5dc04169-23ac-47cd-9010-76f28f1ab0f8","9e97f017-6855-4d68-bd2a-c4da3ccb1d57"
"f7aa5718-ff14-4043-adc9-cf5639b1ffc5","a6cd69d5-ea54-4183-aac5-2b6efb311db3"
"56ec9cb6-c34f-413f-b04a-ea2e5e429cd3","dd9a3ab6-6c93-4b47-9b4e-62e56767054b"
"06921a3a-5c30-4fb0-8ed0-347f51af459d","1cbb39ca-efbf-4080-bd32-1b76006394a8"
"781a98aa-f273-4997-8bd6-b5819b6590bd","a26d49db-2309-46a0-a3ed-275378d484e7"
"34a3a402-11f0-462c-a5fc-4ec58921a05f","09dba56f-3033-41b6-9235-7c78f88e14ed"
"2b5f10a8-0fe7-449a-ac38-468cf32c5704","ced37a67-bf80-468d-8299-940bb9b88107"
"21f963c0-098a-4086-a67d-5eb2ac203dde","34a01f97-6758-45ea-930c-0b829a064944"
"5a6c3b1a-031a-4aac-99fc-6fe940e0f3ba","171f6436-748a-4072-9ef6-e90d8cd9b465"
"5549d854-57ff-4d76-8d32-977106690e73","192fb5a0-8ee2-4c96-a3ed-e89904a3d086"
"4c21ac2c-6952-4ea6-87f0-c542f4ba8c54","a56fc33b-c67d-435c-8e07-ce1a50e360fa"
"2274820c-57f2-4b75-9add-95d4587650da","4de9559e-fbd9-4e29-9541-302844933623"
"603e5132-ef98-41e1-b7b8-cf099eaf3e5c","f1c4a3ea-9211-4699-b7d8-8d6aac6f70ce"
"62051b0b-7177-4953-94c1-6e555fe2deb6","3141820b-ef93-421e-b2dc-aef412eed11a"
"8b3dbacb-b51c-409f-a205-7f8f4df0e403","6cdc93af-c96c-4dca-a540-08c6cb71bc6c"
"c15e4f0e-90d3-4e2d-833d-4ec71a6ca959","5ba74876-bd88-4533-ad8d-83a0b4fd352c"
"f69b6091-150c-47e7-a606-c7d4e92eed57","f0a04747-87cb-4c5f-9916-3651b633189a"
"37df2668-6e55-4e7e-91fe-fa6fa34f82a7","e72f90e4-587b-40ef-a8a4-09f1a7f44d43"
"74a4b5a9-6c17-4d70-92a7-9cc59754864a","a9b23323-c9e8-4d6a-b26e-d86404898747"
"48a04271-824c-4689-8a41-4aeeb4c6da04","fe37ce60-8639-440d-892f-f3ab59f44949"
"257c0742-94fb-41db-b50e-4d17234dfb95","fc01cc0f-e4e6-4c2e-8be9-b5791a1a600c"
"091b9af1-ea47-4cdc-9212-b5d75f47a549","ef4fdb47-ab17-4055-b8a5-ec3c2a4b7041"
"356d566e-5299-4cd7-8e2d-1ace197788c3","6e933523-30a6-46a8-833d-7379b88c1c14"
"19dd3778-6ca2-40ce-b51a-bde1ad9efcd4","7c12c6da-5e8a-4cd1-972f-e76178e09b7d"
"1b42179f-9465-49b6-910d-24801896e9a3","d32c878b-e693-4eae-a615-7767371b3ae4"
"e297ef94-184c-407c-a91d-e038234174c4","25a62766-c783-415a-96bf-dafc8f109510"
"86a2d12d-990f-4637-b4d4-b2e12687be0b","a8e396d2-9528-4d8d-8e22-f56be5397cc1"
"07652056-7949-4fed-b59e-dc421ffef000","d5b4d77f-feb9-4a79-84a0-22849eb18112"
"6e58c563-2bd3-4126-990a-f44e9abaa55b","28004569-048d-4f8c-99aa-7a8c69a98dcc"
"45a06d41-9be1-486f-a2a4-c33ce4a6328a","c419c0fe-74c5-44b1-89ed-887c2c3cfded"
"116c0a93-c509-46f9-b3cc-f249ad87c978","2267f936-c5fb-4786-a44e-fac92b5e5084"
"4bcd5ea9-7947-407e-852b-e2edd05956dd","72266228-0a2b-4dad-adf2-d4f34c0b7804"
"a4b5ab23-bd53-44d9-9461-8886940847c5","a326167e-a2a6-4e09-9975-679da2926793"
"874f2c2f-f8be-470a-9ac7-8e964e5b7b97","037bb811-58ff-45ba-9707-f4c11d05d333"
"3b0aa6d1-ecc2-438e-ae1c-5b2e8d4cb0ee","cead40ee-a5f8-4ce8-8273-bb8daedf0d5b"
"2e260c6d-51b6-4b3d-9e6a-8407dcab79ae","8c423804-4e89-40e2-904c-5f90a410667e"
"cecf29e8-c077-4deb-b2a7-91a5177fabec","7318b77d-4f35-4707-903a-5f23337848be"
"0057b64d-ddd0-4c3e-81ad-082a1b70b940","c23f3723-b468-492f-8c83-72ac77475274"
"f3d04a3d-8c5d-406a-9687-005b303f6754","56a8e5af-7687-4d3f-9f54-e0a6b26406b4"
"d137bffb-2f99-4789-9c1d-51dfd0653f0e","09c3bf5c-703a-49ff-93cb-a9660eba1b12"
"64e2ce46-ac77-4587-a455-97b935807344","d47d93d3-64e9-40a3-a941-33432fb31a1a"
"f224fdff-35a7-414e-a75c-b0024c328742","81bd146a-4ba1-4c7f-8cda-f4b11b0f390c"
"3d25c72a-da13-4330-b198-41b3aa049f50","058cd2dd-6bea-4188-8bb2-3314723c0762"
"3b5a5448-4ba7-494f-9bc0-2ad266020e89","0422da40-5671-48c5-bbe0-e32a476c5cda"
"b0c581f4-3884-4f52-b523-a639f8785f6f","075a759b-21e0-4cab-a6b2-c5d65f7ccdbc"
"33b941a9-a916-410d-9507-51f4599decab","514976b1-4fb9-4924-8bbf-ffbf5d7eaad5"
"d44f3d93-1025-437d-a667-7653efa8d60a","de796614-444b-4e3e-b4e6-fb3a78ef6f65"
"ffb9d1e5-2484-4534-ba00-cde7fd7dab07","1f059f70-721d-4a91-9aa5-d240293074ab"
"0bb6ebea-c350-481b-8001-e1205479f3c0","3a210a05-77e2-461f-ae98-f53df573d8ce"
"3d70ba05-81f9-4b1a-85b0-ead0fcbd56f3","77489a8a-5b35-4350-87c9-a588fcc0794c"
"9dc6c567-88ea-47de-a40b-e9053624166f","6fcab48b-754f-4058-9cbf-b6d766eeda35"
"c02e2722-deaf-4ae9-a56a-e1b2f99c2857","f596eabc-e39a-4e35-9fc6-edade04eb785"
"040e1058-9e1d-4b27-a481-4db1a75e0266","08dd2c8c-537f-4d02-a4b8-9c123156f0d4"
"6b6f1710-30a2-4b2f-bc4b-5087b04b8d50","5c18c6a8-9ad2-43a8-a3a0-83d8fc0cc257"
"98213442-a5dd-41a9-9518-993584977b5d","df2df36d-6652-4eec-b62a-ea99af075cb6"
"d028290a-dafd-48bb-8290-060644c72888","d2587070-cb7d-440d-ae49-52f5077248e6"
"3e0ae536-e178-433b-95b8-a52e14c17f14","5e2b0dc5-c09b-4334-9f2f-c8e75380d45c"
"52889650-1acb-4fac-879c-91499850c10a","eb799eef-5506-4935-9649-c543a1d1bbd5"
"0630158f-2f02-4124-83f8-88c0d7c0773b","05261012-4f7a-4c5e-a1e8-ffb440ec80cf"
"ab2b39dc-ae9d-4ce0-a25d-f3be0dea1251","e158f016-7605-45b7-8e4f-bbe313fc461c"
"62f3e7ca-2abb-4c4f-ac49-b9e01f2be728","99b6e196-2624-48bd-8922-d7c3af7e0d36"
"2d8a4267-969c-4a3a-bd89-c3ce0b9a6cf2","6525a459-76eb-4c64-b061-f674797f9b81"
"d20ec4a1-12a8-4d7e-97dd-73a2fe60be8d","40bc5339-8a6d-40dd-a5f8-d5eaebb91909"
"5734664a-66c4-4173-a3f4-c5fcdf4aec30","123db725-bd0a-4b20-ba1d-9cc3a8948f70"
"ed77b3cf-a543-439f-8e11-7c1fb9efb157","6314b0c4-f403-4c6b-91ba-02bacf1c6de7"
"8d48bb5a-7e4e-4bd8-90e9-a300fdb503a9","8894d65e-71ff-4d4f-9abf-b0d3c6917a0c"
"75f0afaf-860e-4484-9f8f-86a9bba55605","2f220acd-b59a-4b9a-8a03-6bb8444ef025"
"1bd24aac-6813-42d2-9f98-232f18e39a75","ace439dd-127d-4f64-8028-506fd5ea03de"
"01581d3a-8427-41db-82c2-a7dd880a3937","2d5fbcf8-4347-4787-b04d-e84c88316776"
"6702c4d7-a218-4dc3-810a-004f5a166c2a","17e4f239-6e6d-4a5e-942f-eec14d46ca10"
"55969965-7cdc-4487-b55b-4e1972c9f6a0","087666cd-47ae-4f56-b947-d6aa1c25e8a7"
"9f52e91b-cf6f-4701-a651-096979267ae6","2358eba8-2134-4fa7-8177-b8919197f014"
"4e452bb5-9f7c-437e-8a2b-65d8b59bdaf7","f8b2b799-dd9d-467e-9525-a01f3f62847a"
"19046d4a-ba58-4e49-a393-3dd7256cba58","e19da22a-2a4e-43ff-acff-12aeafa3a2c1"
"34b57af8-5b47-4b26-a114-49258c6bbb6f","1a587b92-0a11-47f0-83c2-77a2b6de1088"
"42c5c88c-1abd-456b-be8c-612219c1439f","ae9b8c3d-6bf6-4b5c-b2f0-c9ddc334634e"
"02a8255e-16f0-4ed5-9d6b-276a8d1beb6a","6b047efa-258a-430a-909b-356c7c928864"
"2973bfcb-7c87-431d-adb0-4990436cb3ca","fa73bdce-67fb-42aa-883f-635f0e7bcdc6"
"7dbb2046-e721-4672-a84b-43d9ecf2a78a","587e44e4-87ba-4981-a520-d20612486f53"
"119b17ed-2483-44d3-b718-b7c04b290be2","debd6982-7c27-42e8-b778-20afcc78a5f3"
"9b2dd3c7-9101-4fb1-bc2c-17d5e24f6bfb","bf8d10e1-1241-48fa-95a2-9e97fc58c17a"
"b1e3451e-d125-4d8f-b745-11c842d684bd","abe20df7-6b97-4397-8864-881bac27e92c"
"6be318a8-5b6a-4387-83e5-e04150bd4f99","51e55e7a-5fef-4451-af1b-49ed4ced9ac7"
"e7850bdc-382d-4156-98f0-210b419bf69c","938e4a22-7ed8-4b09-aa65-0cd737beee31"
"84861e7e-0bcd-447c-aaa0-ba238a25ba54","ec78640c-f4de-4d18-bf7c-9e5391feb915"
"958c4529-3fc1-4991-a68a-e8f6ae743fc9","6f699ea3-1d77-493e-9e9b-a3e2abbd2873"
"24dc3d9d-9011-4752-bf86-7308f89fd27d","464cbc87-fa59-4fc9-8617-b697f3f29b02"
"c5babf4a-8473-4ebc-bdf4-9e4f5a13a902","dac5d05e-c693-4dd3-b06f-faba625b5f18"
"3a49ebbf-43e9-4bd7-8c59-c3ba4cc9832b","5a58850f-397c-4786-8141-2d57dd974673"
"e1d4a9a8-68d3-4bf0-b9e9-ade8488483d8","b1684b0e-0c14-434a-94b0-78c42adf4ea9"
"af1c2e70-da31-4d53-a651-e3d55df5797a","72575c62-b2a8-4fde-8b05-ef6d76df0462"
"ea4d5db7-d421-4b92-a9fb-5ed74565e85c","02a81bc3-4672-4d2f-808d-d27f4b63bf85"
"340dee79-7f93-4b4e-9137-98eeaa113f78","8e881aba-eee8-456e-a677-25eadadcdcad"
"55471c14-4151-4c73-b8c6-6b928cbce34a","e875ae4e-4645-4e84-b0ff-9c9a694717a9"
"32ba9767-5581-4bfb-a504-07b2df818e10","de19faaa-60f9-4b3d-be28-00505d5a82e5"
"ea891fc0-8af5-49c0-b221-eba6cbe6a349","6ae2dd6c-2a39-411f-a1fc-11e0e6e82165"
"80ff8844-3c90-4c66-b6d9-a72ea86219ed","d15c1117-5ccd-47da-bb0a-51e5a71535ff"
"f61b9cd4-288e-4ab9-8ce9-61691cebbf47","c49cf84f-cb19-4e11-9a71-4825bc906382"
"f4d688e5-b7b8-494a-9115-5c3522ae8e45","058ac81a-3b90-4e7d-8f7b-9c34fbc77997"
"d5e613f0-c95b-421c-95a3-c59bdda5d673","eb013d15-9a9d-4645-a009-a0d83a7a4590"
"c0717ac8-496c-4603-908b-71964e1bc9b3","77dbc29d-e3dd-45cc-b1d8-3bdd1711c704"
"f0bb44d7-edd3-4e2b-84b5-1d389c8d1605","f4b179c1-9d27-439b-a1ef-3dfbbd684c15"
"823d6de4-51f2-449c-af2f-2b7f3fd028f2","e82223ad-33c0-47fd-b0f2-982da64d0cb2"
"79ed6902-f99f-48e5-8458-7792e8a3ebe2","791be1d7-104d-452d-9d2c-25276bc5f31a"
"e0475ca9-c08a-46b6-ac58-28c034afadfe","de592955-56f1-498c-adf6-99e382102476"
"fae8df44-cea4-4b8b-9a0a-be7cb1af84c7","65ec87f8-ca6b-4b47-9700-ef1b67589dec"
"a67971a0-8e79-4d59-a001-8c168b4fcf0f","20a523cd-58e9-467d-bed5-1bce2a8574f8"
"59848f77-6c73-4a46-85e1-943fcf6040e6","b8a2b64a-9da2-4503-a7b4-f7a42ddccf87"
"dfe29194-6e6c-455c-9cc4-98fdd874c0a1","7ca62ab7-7efd-44bc-b08b-93c27792ad24"
"26a9a32a-ddd7-44ec-8f7f-3b4b95959d0b","4c3a2685-1eb3-4224-9872-fb62fe1faffe"
"39872d10-2ed3-45ac-8412-2df00cf99439","535e80df-ea81-4f5d-8f2e-e74ca97e9b01"
"18625fe4-3c19-45d9-9d7c-a295fbf83f2e","0eb3094b-b498-4f54-8772-f322d7057da2"
"8468a033-502f-4085-a7f4-de4c1922b2fa","d5607680-758b-4ee5-ae0f-a61f7c3133c1"
"b32e5b65-53ce-43c4-a19f-0b9aa30c6a09","c4e074f2-e21d-4a1a-acf3-b7916f11fb43"
"e95629a8-68b5-4c43-b3c0-93a88be2e9c0","708a16a3-7a5e-4e27-b06b-4c3c308b11fe"
"669255d3-ba9b-4a2b-ac63-65a6b7f33ce7","b1a7e378-a07b-4434-8a5d-d4756b7d523c"
"ab3c24d0-3b2a-41b7-a1f5-f124d51a95a4","51529d00-9bc5-45e7-9706-7519c64eef36"
"f1b27b36-e2c0-42da-beb1-2bc2bc61abb9","b3766385-e86d-45fc-8baa-61162749feff"
"9d537202-d436-48de-8ee8-2d417576705f","ef8d5ef0-1834-4a2d-a916-4862ce9dc136"
"f077f256-ff6a-436b-89bf-6035f9d09ac8","e6bb29b7-b632-4e61-bc17-ef2e9173289b"
"e6a4d8cb-25fe-424d-902b-c3c12c2301b4","4d45166b-ea6e-4e27-8d91-bda8135b87c8"
"c7672ae4-5d9d-4f82-b24c-97b306e833a6","59608767-595f-402a-9f7f-356dd6e99a51"
"5e499070-849e-412b-af32-b3c4ad4aa38b","892ff51f-ffd8-4b99-afa8-0e29e5db2565"
"efc3d63e-21af-4cdd-8315-cf04fee407b3","771bbbfd-e1fd-4dfd-b822-3e091ef656d2"
"2844f55e-41d5-4588-8b09-52d497c597bb","088506d0-2717-4a75-b353-88bc1a225212"
"062cfb2a-c26d-4148-9804-5e81b04f1c5f","339bf596-e9a9-4d65-b61f-294f410dd1c8"
"7a41895f-dbf3-4924-8152-2d9543238dd9","5ada9c2e-2b69-441d-94e0-71ef126a886f"
"0e4db20e-e3d3-4570-bfe4-d4b0a153e231","d5c8759b-0dc1-4057-b9df-c9aa4a6b2a04"
"abc5cedc-0d14-4d9c-abca-aa2fbcf8b194","a8cccaa0-76de-4b73-8f73-85fce2bc278b"
"6c7791f2-d43a-46a2-b119-8287a44aea09","c094c9e4-260c-4b2a-bbf2-2fdcad927677"
"ab3dcbe2-fef2-463a-9bf6-6c6ff447b860","cecce47d-5d1a-4473-bf62-48b9bf602534"
"7d10f16e-737a-4351-ab41-9e9794b92785","1c1a1ce6-b06e-421b-9f0b-a9215d553666"
"fc806f55-a25a-4553-abfb-646641a03f9b","d5dca54e-d7e9-4328-b2ca-1d191a2b8b4c"
"812c9187-283b-4b14-9144-7a81fc0f01f3","2f906887-7836-4f24-8f97-91b10811a7c3"
"d5cad692-1850-45cc-8191-77ad568e6fdc","d2ef2751-f956-4490-88b0-6f619774ef5e"
"fe161edb-6bb6-431d-a683-868ed0ed6c59","3254c984-f9ec-4db5-9add-94489e000a62"
"f723afa6-6de7-4cf3-bd9a-2253a97bdda8","05eef9f8-a246-403a-b0be-07d274b6f93a"
"9a27ecb6-4d6b-4b5f-ac24-7da3b67b55cd","f3e7201c-725e-4dd1-8938-24f7637785db"
"1e9ce73e-61f8-4a99-a734-b09363ec73e7","6d2ad70f-fc8f-4881-a08e-bfd2128d7652"
"aabe673a-9363-45ce-98f6-4fddbb6a6a31","11d08d8f-beea-4b57-a9cd-2f957a391360"
"ff6d6688-c19c-4a7f-8058-4d1bc0249d83","59e2ab4e-9529-490d-b12c-9b7f24c8166c"
"90832632-cf57-463b-9d08-c76975066f56","97503aa9-93a5-4ff6-bb19-203ea235c2bf"
"8f46e5b1-5d62-46f9-9166-5e4a4646a5bd","3381f3a8-9040-4ea7-bb84-76a043f5d6b0"
"670e9a3d-5a6e-4ddb-a1bf-6e48e3786fb1","92bd3edc-d6f3-4cfc-be03-4662199a06c2"
"1a94f63b-3832-4150-8951-e907d36a1d19","a865bc94-a60d-4927-a842-8c0d6fced029"
"5fad126e-b104-4f4f-bc15-096241e8721b","c3fe7418-c082-4c77-96f7-f22bd6210139"
"7118e5f9-0eac-4a54-be8d-982e4d405164","a4de3403-a3ca-4c5c-baf4-99e7068fa0d5"
"b11b6757-d25d-4f06-b9a4-b495bd9c6caf","b7b21fe3-2e21-4282-a707-da3c69a4453b"
"32f245e6-08bf-4133-97aa-a2a38fb3f0f9","fc822b3c-b73f-4529-960b-e3bdfcff80ed"
"c491e261-f808-48a1-b137-e133b6358f5c","5eb7edfc-a7f8-40b2-86a1-b65b5ac148e8"
"fec947ca-0fc8-4c6b-8201-5e1c62805203","81dacb41-5fc0-4176-8766-35f83ca3501b"
"93296653-714a-4064-952d-7da92a46857f","eda58f69-4a60-4072-aa1c-541a90d2d80b"
"c3c419d6-c94c-49d5-a9d1-bba4a508beb5","f8484afe-c7e4-4952-8b17-551a2c266764"
"a1da668f-e62b-4b39-b1de-be6df71496ad","29dab10a-a0a0-4dbd-b574-97c22b70a3f1"
"dbe71479-abcf-43aa-b32a-3ffab1ed1af4","b5af6c19-ecab-408b-bae2-53909b7135b4"
"523ca1b6-1cc9-4e80-93f4-ac27222f8d11","a95832f5-fbd1-482c-951d-8bb37fa02a4c"
"76230cc5-0da8-4f43-a7b7-cdaa0bf86f72","801ee025-dd5a-473d-b78a-521fad06cdfd"
"6f587871-2fff-4c1b-98cf-0fbd1a4260b7","8967671a-ef42-44f3-8fd3-78dc01e1e608"
"0c0ce802-2105-4444-9c31-c74788b04611","62dbb8ae-e214-40a9-99e0-8680c3a7f565"
"1c08b3cd-5bbf-45c9-9019-d5892404901a","323800b5-c319-4fd8-ac96-87193afb93e4"
"e3167ed4-da26-4786-a854-03edf768a637","7e2230b5-3247-4c8b-bb31-348d91355bdd"
"9ebf2c7e-9d60-40d9-a245-7890824a0e1e","2c09404f-c5e8-4e8a-a51b-c8bdbc923efe"
"0e48efbd-a7e9-4580-8ee1-5b5b4ae38a55","02ddfa3d-13b3-4624-994d-62e740fa4a3d"
"3c6c8465-a13d-4dbe-bf55-92dd423f9f8f","65cfbf50-1318-4357-9df4-094f6dbec49c"
"f54f934c-181b-4ab7-9837-99c6d6d21875","09f2bb20-909e-4929-8a79-c64c7fb2af31"
"162f72ff-6995-41cf-9f18-8c64ac32f142","bc26fe03-e143-4cdf-a1a0-c604f22d78e2"
"1e0b394c-c713-4563-851d-ff06d3b21648","2a2b0e0f-d54a-4902-8778-500364fcc0c5"
"187e1335-5dbf-4234-8fc1-5d0494aaf296","00cc9b4d-a847-464e-979a-7751e1a87ae3"
"76083065-80bd-4549-a157-27eac51b4ca2","44e21ed0-bcc8-4978-ad68-81c35852b12b"
"ae59512a-f447-4cad-b15f-9c23b9b2e97c","90a46dce-5762-47ec-925c-deff853069aa"
"0bb0f930-00cd-4797-add9-62108946422b","00589871-e54f-492f-988f-502670edd606"
"398ba03f-57d6-45e8-a18f-38d27fd33c33","f38b2f21-c5a5-4699-9727-eae9c96aac55"
"34df9d7b-935c-4298-bee1-cd2d03cd7950","c789f723-e543-4b62-98b4-444e5079fa71"
"488b0103-138b-4004-8b3e-0b225c6949e7","d62ce057-d970-4bb0-b929-923c7bfb9e11"
"a36dda91-00aa-4779-bf35-fc0a69a90c21","4e7c6811-88e4-4bb7-a88f-7491dfa6d072"
"100cd7f5-9a5a-40c0-b116-00c683d3a1ed","d469975e-a3a1-487a-a549-142720e1973a"
"aa2824d6-d9fb-4ce9-83d7-acf21cbbb35d","d4653ecd-d656-46a6-8161-da29271ca88b"
"f6e347c7-3d92-4ec3-be7d-806509944b68","7da3a50b-ee97-472f-8a13-523e80202c11"
"6856cf72-f5cb-430c-b353-7c3ea8a3bfce","bdc7d801-b93b-4464-89b6-0148d066c947"
"3f288607-c67f-4d57-83ba-f6fb54f82c1f","11586a7f-5148-4b6b-b431-686b907f8df9"
"7a7e8f81-f0fb-497c-85b3-80a2c805b456","72a79a28-907d-42b8-9722-93448b87c3d2"
"504fe859-218b-4468-abbb-698fea838d81","80592959-da54-41d0-9b82-ed279be3ecea"
"d8c9530f-19c0-4c82-886f-e8f0a4cb252b","c092a289-d058-4a3f-85b6-da3fde34568d"
"f2e8d1e1-001b-4a31-a4ee-23936f5f3022","72c3c054-1cce-46be-a01c-86b96aeea1f8"
"c77b629b-ae40-450e-8154-f4fc0b6bb6e3","18ded814-596a-46ed-8f58-ba4141e5abb6"
"fed30722-ba86-409a-9728-43ab77ebffa7","9c22b778-e2dc-4fa7-a135-2b78926bb82b"
"7ad783d3-3f3e-44f5-936c-43575fc7f607","ecdb94bb-54ab-4d89-a13f-be2e65fc89bb"
"f5717a08-e47e-49d0-9581-e1d17b38b84c","f3895ae4-1228-49b3-9342-3c3b86cb5243"
"0ef08b70-4b13-4a13-9b6f-f96cda68bd01","81a64df9-c073-4097-ba73-896396da3135"
"69cfc3dd-a9cc-4f7f-8c8c-f1992c7c1473","9f43c5bf-0fc1-4339-81a2-1d315d6940e7"
"9fd4295c-5b8f-48ab-9d5a-57800ba4f5b2","a86552ef-96e7-4cb8-9c94-157f57fc6694"
"417e133e-81b5-4976-a9d4-91bc1f38e3bc","b539ee0c-6887-4566-b16d-0990c8e1a3c1"
"bf17967a-2c96-48b7-ac95-8bdfd7b6d5cf","00f768f9-9e6c-4e84-bdba-c19368f7e522"
"fe0ce41e-3f45-47e1-bd31-56fde0668b0e","d7b9a594-2898-446b-a234-60f8ca8064a0"
"6efee329-7f5c-4075-a656-a1f3a700a509","e61026a0-2377-448a-a505-e110260e7362"
"51932ec0-8c19-4c51-89ee-445e9a84c913","d265829a-9e49-4e21-ba72-67f5ba406204"
"e330bdf9-611c-4036-8dee-a471c984396c","564daa81-cfef-45b6-94a0-3249b2724d9b"
"c1c3ed06-d423-46bf-8b43-77f7817c59bd","b57f69a6-91ca-4131-a654-5495f6dd1131"
"7282d4eb-3ab9-486e-af2d-3b326e460557","c4386236-99df-44f4-b0a7-822e32e050f0"
"c4eab08a-4001-49fa-a818-3484ac8ba56d","2bcd2efd-4fd6-40ee-86a4-867ae82711b0"
"57807383-64d6-4e2b-8a95-f4d7ceaff4c1","07d449a4-27ec-4f3f-a922-25fb777d37a7"
"721242c3-c8d6-4468-9721-007bf0198717","a1f37975-6bc2-4583-9035-8e8c70677833"
"2d9c8cc3-d56a-4920-b86c-2389ca913e97","95e726db-5ccc-4836-a2ae-7feaddaf9f1b"
"a1ab4754-d1bb-4327-8df3-f1ff73846e7d","0ed65bdf-cb92-47c1-8aeb-42518ce639b8"
"aa7b9bae-b793-4302-8a32-c23b9b5e01e7","32a115cf-570f-4ad9-a123-8e1970062f51"
"d48bf8d4-090b-4646-9645-e00939d2c998","1b563146-6ead-41ba-9117-c9b1c5d4127f"
"02cbd25b-315c-47c4-bd4d-bfc157d957a2","5cc11a29-89a1-415a-8503-c0821751d1d1"
"f6997426-b4d8-438a-b6df-00f9b5894cbd","99b406a3-0ef1-4486-99a5-22a751aa5e1d"
"8e3f0481-0e27-48aa-a178-9c17c78c05d1","2c1aca0d-6c50-4f1e-9edf-fec9ec32da69"
"e8991548-d285-4236-bb3a-d9109deae7d1","b9134508-ab9b-41ef-b6e3-745b85353a55"
"b5265ada-2e88-40a4-95dc-71c7ae267377","37d2cb9b-0286-43a5-9538-26a8f0818ee7"
"ce31bbc8-ea0b-4952-a44a-0ad861d83c69","e0d6a42a-2efb-4b3f-9b59-da07dadc01a4"
"69fffc3d-f1af-450f-a1a9-979111aee040","228845f8-1ad7-4193-a570-e17871798c67"
"118faacf-869d-4d8a-8981-39b655f088da","e5b468e1-f932-497d-8045-e75588701aac"
"6faefeb4-7f70-4a28-b0bf-670a6cf1a281","bef7dd4d-624a-4b35-aab8-bf1c99d3bf01"
"22534de8-02d9-4824-b2c9-8877dfa96db4","0ee26933-679d-4e84-ab56-6b9581e5dbfd"
"891d4b89-492a-4fdf-aadb-92e5f3eb2175","f1fcd165-ddbc-44b8-b062-ae5199c53cba"
"ad1cc824-7bbc-4883-96da-55e51d1b6f0d","c14f98e2-8e9b-49f4-a244-3d06c6cb7126"
"5b225e8b-014b-4407-bc80-8566b10d9103","6e0407fb-7b98-4cc8-a6f0-f6e7f5935eca"
"093debe6-dbc1-4890-8438-b7903bee173d","5b9b9a3d-51bf-4f62-bf19-7c7ea0267030"
"f9745437-1d51-43f3-940d-0086a1912aec","7f9a629b-12ed-48cc-8d5c-1c2f5db9cf1f"
"cd187159-1a1b-4289-b0de-817dad634550","955e7043-03a9-4a8e-8e7d-cfc52546da82"
"65e7d9df-c3b1-448e-82c9-338f30965c14","082a0dad-65e5-49f2-955b-ca23831b2733"
"31b2515c-5d2a-478d-bc2d-9fc139ec2520","7bb97da8-8db8-4f9b-a9ff-54b644019412"
"aad6d873-b35a-4543-b058-4bf55fc25431","42e6517c-02ff-491b-8315-9ef163e6cfdc"
"4b10fdee-3623-44cc-8c65-68e766383d2e","adcc8dd9-0bb9-45eb-b44e-013c7167dd83"
"d6d4ea90-7a3b-4e33-803c-ea67f9b70d39","97675f21-ce94-4e7c-bc46-179cc2903bf3"
"4e08a7fa-ec31-4a9b-932c-1dc3dde5e22f","e39de159-abd7-4185-8c20-ca6f27827f31"
"168c6af9-ea75-43d3-be75-ca9e00f674df","baf57a44-5eb7-4fdb-bbf6-ee006a122360"
"017dd171-3e6d-452e-bccd-b8e55e87b7f1","044302b7-5f09-4912-a556-d3a52b7be6a6"
"41afaaab-abf6-4557-a206-bfe212f81557","234724ab-6f82-4ac9-9948-37ffd9c3e418"
"d24b70c1-7159-4c54-9a44-52fc0ea0a364","245b64cc-ee6c-403b-becf-77e558253fcf"
"85ba5f54-8931-4c50-b58b-49846dd77113","7d1be289-a771-46ec-a5d0-26a2981f7b66"
"7f8fad9c-f810-4e5d-9fe5-3169c04c877e","6d0133ed-95f5-4338-b7fa-f1fd9b1de7f0"
"a4fd5efb-5558-473d-bcd7-35924ac303ee","0ca66651-4965-4874-8d64-f9b90db6f80a"
"879612ea-690f-4bc6-97e5-01046a2b46e6","5919fd50-1ee3-4896-8808-0aaa253d9018"
"f654eb85-e9aa-4e9a-8b17-2f5cfd45e063","17275b88-afa8-4010-a5a3-641382f3a1cf"
"fe9f7bd4-296f-4e3f-911a-c28d810c69fe","d3c8e944-b95d-4e64-a3c8-5abe77e6b992"
"f46d9d09-b5a0-4572-934e-1f7341eb32d4","d763f554-984b-46af-8ed8-0b27443ba5a6"
"31f7fb2d-7ec1-4719-9f95-dbca8b338d5a","9dda581a-610f-44c2-948b-552389022676"
"1585ffc5-155d-4d74-b1ae-52be83d28275","d8861f06-6a88-4ca0-9a77-aef9373d527a"
"4446716f-467f-470a-a453-7410a1eab04b","4e7e76ad-0f1d-4322-a749-a483a810dba5"
"e5de35df-653f-4d8b-a0c4-8d98454a81e3","5e191398-2338-4617-ac0d-ca8757a8cf48"
"5e07c68c-2ad8-41ed-80d0-46332a4f2ac4","5cd823bf-ab84-4f60-b726-71bcefaa6685"
"232eef03-6187-4812-baeb-ceeb13ff7267","611cab60-b34e-4c30-aff9-1e45ca382e26"
"43a81a03-a3b8-4bbe-8360-a1141e5d3dd1","1388023a-6f90-4d8b-a3f2-04a4d53514d0"
"42e42589-4c6d-4f74-99ad-5ac589a52cf4","81ff320c-7e34-4388-a7c8-f27dd5a29301"
"928cb705-b3ba-4e29-a818-e7a1c8791770","aa4a76e4-5348-479c-8beb-3e4e34e18ce9"
"455f4e20-ddd1-42cd-9d12-c4e769e22a38","5f3a025d-0777-49a5-b2bb-750587635b50"
"63c49e91-09c2-4914-920a-528575e6a5f9","d341294b-8d79-417d-b865-9b7a8780323d"
"5ff12417-cd68-4aae-a1af-dbbb2bca0d4f","8436cad7-0a0e-4e47-ae15-f0ef5010ca1a"
"492d4cc5-caf0-42ff-95f7-05d4fbbcc6c1","ea125ffd-7776-49bc-bf73-47a3edcc81bd"
"bd948e10-9cd0-4034-b96b-eb0839feaaf8","7919caec-8a88-4169-96c2-c87d4f4eb565"
"d2685154-224a-4a7b-8aac-8d9e1ec73b1a","3e3c165d-8276-441e-a2db-42f4bee94b3d"
"e2ae3e26-acaf-45f6-86ac-4c9aaea272b8","3008e71d-b93e-4122-b483-a25801996efd"
"cc415000-40d2-4a4d-bc00-8868971aad25","6f76a57b-ff3e-42ba-ae58-90ecd6e887c1"
"10c30c5e-433a-4650-b3ca-8e4896b12111","4f080b05-8ba3-41ee-8bc7-93109d675b70"
"da3b4416-7085-46b7-b4d4-3975e26b5642","6c80f823-8ac5-482c-870b-738c1fc88bfc"
"aa809451-5906-41f5-bb0d-0466ed72b0b4","3532257b-4596-490b-815d-447fb35dfbd9"
"6adf4dcf-f013-43a4-b726-dbb03f7f49f0","cd550979-69b5-43d0-9724-cc25eb502cb8"
"c50034fe-06ec-4192-9be2-b156a549d90a","c26b0e04-f9d8-43fc-b58d-e0468bdb9e2d"
"06826880-3e73-4e50-ba02-5d7f09418a40","6f384ab7-32ac-4599-94f4-314b6d21b86d"
"9a2bfae6-4e26-4779-8139-f9599818d272","9c099b2d-a580-4d9f-829b-02576ffc197a"
"21d5d6ba-5ea4-40d9-a867-130ae5336490","bbd48dd3-0d7c-45ee-8ce2-ff359e6d1234"
"cc0c27bf-60da-4112-bee6-4b7046f2bbb8","44322931-f6e5-41c6-bf1d-5f1d3635ec73"
"d3673eef-0654-49b8-af31-a216a0f9c0f2","7f9382c0-585a-42d8-adaa-48368530b3eb"
"31194670-516d-4266-9047-e5d06336959f","cbed723d-d16e-41df-bb92-3bebbbf638ec"
"d0761e81-d5f0-4d23-b391-82f04a258ac2","b7895561-ebb3-46dd-aabb-07bd842915f1"
"5efeba5f-8a15-4a80-9363-3b736923cfeb","c05b17c4-cc9a-42f3-829f-a13433ec4245"
"e9cb7ecd-24e2-4112-b495-de16ce4011d6","6da049a2-3bbe-45b8-b5d5-9d73f73ef268"
"24dafdc4-52e0-4cd1-83a5-2ac04afc7a38","08fc31fb-dd11-4e6a-9198-fb9e2608f6a0"
"99a5cc3d-87a8-411d-a861-6bb6741935b5","f540b52c-0fab-4764-8fc0-baf98f36d875"
"a16ad35a-492e-4a51-8d05-76097a1dcf62","b01641dc-a38e-4a4b-b73a-3c12bcb75dd9"
"8357059a-69ee-4d96-90eb-4c0952f2740d","5bae4133-b991-4712-b1fe-37577dd54113"
"7308bb8a-7006-4982-b11d-5471a0e9bab6","fd0eaf98-847d-499b-bfc0-95e84f5b15d0"
"68f918de-2e18-4ee9-a783-bb50f4f9aeb4","3c9ca45b-1437-47f5-9853-ec3d4ab5d0b3"
"039926ba-28dd-40b5-9567-d1186de37de5","9d26b9e6-9017-4885-a3c9-677a4e845f39"
"1adf2e02-c544-4966-8cd1-182e5517a50c","3bc1df9f-7147-474b-9243-9736b0401fcf"
"078fec17-48c9-4d5e-9a05-405fe449f951","ef346f06-5795-481c-aa55-d4dc5c7c90ad"
"90ffe88b-f3a7-4c8e-b4e8-91b7e4f9e8c9","5ab34710-1f4d-4d31-b60e-e2bda7309dba"
"ccfccaf7-96a2-4e64-8e0d-585969fac95d","de2302aa-2199-4009-9b0a-9622f1870efc"
"eef3089a-6ded-4b89-825e-4cb97d3e9a1a","c44ae73b-6096-494b-b0f3-595373f99ee8"
"5ea30390-88f8-4abf-8f44-f0648436a0df","54c8454b-8012-431c-9adc-507e1af3800f"
"6ec3d218-83b5-4679-8d9d-41a86315b7df","f0de7aa3-bd3d-4143-a0ff-70be2ebb42af"
"7b229401-3225-4339-b620-2e44a3639414","66c79d5c-b87f-4e5e-9872-7a294cd03a3c"
"f9456f03-9967-40da-a1df-9f5c60eeffd7","63bc7938-bce0-43e8-ac38-b47b0823b13f"
"e6232451-7575-4733-9426-0935c2c29a6e","e0163d0b-1f4e-4f15-b6c2-754b883e28c4"
"244f21fd-129d-4707-8cf4-0a1745ecebbb","445d6369-eac8-4b81-a403-0086df82c45b"
"baa45e1a-1420-430e-b7db-d87261711ac3","41921a38-1084-460b-917b-555a4f1b45cc"
"d2a3396b-b2f3-47fd-b32d-34341d2e5f9d","9df0a5b7-5bf9-4795-9910-bbf7cccf6fda"
"3172233b-064c-49e7-81e4-e1fa38556c59","54bd3165-df22-4d55-9de7-b628133f4fb2"
"8828647d-29ac-4ef0-9085-96846c5f1731","d4702ec9-068f-415a-832e-ed72eaa38699"
"3bc30231-3fbd-4992-9088-1a83efa1a31e","21981535-9a4b-44ca-a3c0-3f52f4c0d29b"
"c3fc0f68-24cc-42bd-80ee-2baac39b3fae","e7675043-6679-4179-af84-dc401102aa8c"
"558806f7-1484-4436-8743-1575110e2a2f","c182c07a-224c-44b5-bf0e-9bcfaa33ecc1"
"edd0e489-1c98-421a-8469-0f252b6ebab5","d67325ce-cd01-45b8-b816-74fc73acd54a"
"4b2fc72d-87f6-43ec-87b2-64c2a028f26b","8989435b-4c14-4d4b-8cec-c9db8511b4d0"
